Date,Adj Close,ValType
2017-01-03,30.431575775146484,Adj Close
2017-01-04,32.11116027832031,Adj Close
2017-01-05,31.505117416381836,Adj Close
2017-01-06,31.158809661865234,Adj Close
2017-01-09,31.176124572753906,Adj Close
2017-01-10,32.33625030517578,Adj Close
2017-01-11,32.855709075927734,Adj Close
2017-01-12,32.47477340698242,Adj Close
2017-01-13,32.32759475708008,Adj Close
2017-01-17,32.30162048339844,Adj Close
2017-01-18,32.440147399902344,Adj Close
2017-01-19,32.292964935302734,Adj Close
2017-01-20,32.041893005371094,Adj Close
2017-01-23,31.730224609375,Adj Close
2017-01-24,32.03322982788086,Adj Close
2017-01-25,33.14141082763672,Adj Close
2017-01-26,32.48343276977539,Adj Close
2017-01-27,32.041893005371094,Adj Close
2017-01-30,31.453174591064453,Adj Close
2017-01-31,31.695585250854492,Adj Close
2017-02-01,31.288677215576172,Adj Close
2017-02-02,30.933713912963867,Adj Close
2017-02-03,31.453174591064453,Adj Close
2017-02-06,31.886064529418945,Adj Close
2017-02-07,30.388282775878906,Adj Close
2017-02-08,30.42291259765625,Adj Close
2017-02-09,30.3709716796875,Adj Close
2017-02-10,30.44889259338379,Adj Close
2017-02-13,30.751901626586914,Adj Close
2017-02-14,32.24102020263672,Adj Close
2017-02-15,32.10249710083008,Adj Close
2017-02-16,32.05921173095703,Adj Close
2017-02-17,32.22370147705078,Adj Close
2017-02-21,32.73450469970703,Adj Close
2017-02-22,32.76047897338867,Adj Close
2017-02-23,32.24968338012695,Adj Close
2017-02-24,31.94666290283203,Adj Close
2017-02-27,32.266990661621094,Adj Close
2017-02-28,31.894710540771484,Adj Close
2017-03-01,32.405517578125,Adj Close
2017-03-02,32.69121551513672,Adj Close
2017-03-03,33.09812545776367,Adj Close
2017-03-06,32.821075439453125,Adj Close
2017-03-07,32.48343276977539,Adj Close
2017-03-08,32.597129821777344,Adj Close
2017-03-09,32.212303161621094,Adj Close
2017-03-10,32.212303161621094,Adj Close
2017-03-13,32.24728012084961,Adj Close
2017-03-14,32.32600021362305,Adj Close
2017-03-15,32.439701080322266,Adj Close
2017-03-16,32.43095779418945,Adj Close
2017-03-17,31.774991989135742,Adj Close
2017-03-20,31.232723236083984,Adj Close
2017-03-21,30.218162536621094,Adj Close
2017-03-22,30.07822608947754,Adj Close
2017-03-23,29.964521408081055,Adj Close
2017-03-24,30.22690773010254,Adj Close
2017-03-27,30.358104705810547,Adj Close
2017-03-28,31.101530075073242,Adj Close
2017-03-29,31.08403968811035,Adj Close
2017-03-30,30.970340728759766,Adj Close
2017-03-31,30.926607131958008,Adj Close
2017-04-03,29.885807037353516,Adj Close
2017-04-04,29.973270416259766,Adj Close
2017-04-05,29.737119674682617,Adj Close
2017-04-06,29.87706184387207,Adj Close
2017-04-07,29.483484268188477,Adj Close
2017-04-10,29.71088409423828,Adj Close
2017-04-11,29.667150497436523,Adj Close
2017-04-12,29.684640884399414,Adj Close
2017-04-13,29.203598022460938,Adj Close
2017-04-17,29.649660110473633,Adj Close
2017-04-18,29.46598243713379,Adj Close
2017-04-19,29.55345344543457,Adj Close
2017-04-20,29.8245849609375,Adj Close
2017-04-21,29.51846694946289,Adj Close
2017-04-24,29.658405303955078,Adj Close
2017-04-25,29.728376388549805,Adj Close
2017-04-26,30.069475173950195,Adj Close
2017-04-27,30.20941925048828,Adj Close
2017-04-28,30.296876907348633,Adj Close
2017-05-01,29.91204261779785,Adj Close
2017-05-02,29.037425994873047,Adj Close
2017-05-03,29.282316207885742,Adj Close
2017-05-04,28.993694305419922,Adj Close
2017-05-05,29.535951614379883,Adj Close
2017-05-08,29.71088409423828,Adj Close
2017-05-09,29.964521408081055,Adj Close
2017-05-10,29.938282012939453,Adj Close
2017-05-11,29.833324432373047,Adj Close
2017-05-12,29.404760360717773,Adj Close
2017-05-15,29.579689025878906,Adj Close
2017-05-16,29.229839324951172,Adj Close
2017-05-17,28.3552188873291,Adj Close
2017-05-18,28.398950576782227,Adj Close
2017-05-19,28.61760711669922,Adj Close
2017-05-22,28.792526245117188,Adj Close
2017-05-23,29.05491828918457,Adj Close
2017-05-24,29.037425994873047,Adj Close
2017-05-25,28.512651443481445,Adj Close
2017-05-26,28.923725128173828,Adj Close
2017-05-30,29.326047897338867,Adj Close
2017-05-31,29.675901412963867,Adj Close
2017-06-01,30.113204956054688,Adj Close
2017-06-02,30.130701065063477,Adj Close
2017-06-05,30.13944435119629,Adj Close
2017-06-06,30.113204956054688,Adj Close
2017-06-07,30.369680404663086,Adj Close
2017-06-08,30.16626739501953,Adj Close
2017-06-09,30.369680404663086,Adj Close
2017-06-12,30.670368194580078,Adj Close
2017-06-13,30.52001953125,Adj Close
2017-06-14,30.608463287353516,Adj Close
2017-06-15,30.599618911743164,Adj Close
2017-06-16,30.32546615600586,Adj Close
2017-06-19,30.378520965576172,Adj Close
2017-06-20,30.422740936279297,Adj Close
2017-06-21,30.183956146240234,Adj Close
2017-06-22,30.237018585205078,Adj Close
2017-06-23,30.245861053466797,Adj Close
2017-06-26,30.52886390686035,Adj Close
2017-06-27,30.254711151123047,Adj Close
2017-06-28,30.58193016052246,Adj Close
2017-06-29,30.829557418823242,Adj Close
2017-06-30,30.891464233398438,Adj Close
2017-07-03,31.45746421813965,Adj Close
2017-07-05,30.96221160888672,Adj Close
2017-07-06,30.838401794433594,Adj Close
2017-07-07,30.900306701660156,Adj Close
2017-07-10,31.121400833129883,Adj Close
2017-07-11,31.30712890625,Adj Close
2017-07-12,31.39556312561035,Adj Close
2017-07-13,31.713947296142578,Adj Close
2017-07-14,32.14727783203125,Adj Close
2017-07-17,32.173824310302734,Adj Close
2017-07-18,32.21803665161133,Adj Close
2017-07-19,32.253414154052734,Adj Close
2017-07-20,32.20034408569336,Adj Close
2017-07-21,31.899654388427734,Adj Close
2017-07-24,31.67856216430664,Adj Close
2017-07-25,31.45746421813965,Adj Close
2017-07-26,31.50168800354004,Adj Close
2017-07-27,31.784685134887695,Adj Close
2017-07-28,31.634347915649414,Adj Close
2017-07-31,31.820066452026367,Adj Close
2017-08-01,30.74112319946289,Adj Close
2017-08-02,30.794179916381836,Adj Close
2017-08-03,30.74995994567871,Adj Close
2017-08-04,31.192157745361328,Adj Close
2017-08-07,31.21868324279785,Adj Close
2017-08-08,31.298276901245117,Adj Close
2017-08-09,31.20099449157715,Adj Close
2017-08-10,30.847244262695312,Adj Close
2017-08-11,30.891464233398438,Adj Close
2017-08-14,31.36902618408203,Adj Close
2017-08-15,31.430936813354492,Adj Close
2017-08-16,31.616657257080078,Adj Close
2017-08-17,30.953371047973633,Adj Close
2017-08-18,30.803030014038086,Adj Close
2017-08-21,30.873775482177734,Adj Close
2017-08-22,31.21868324279785,Adj Close
2017-08-23,31.386716842651367,Adj Close
2017-08-24,31.413253784179688,Adj Close
2017-08-25,31.483999252319336,Adj Close
2017-08-28,31.404403686523438,Adj Close
2017-08-29,31.413253784179688,Adj Close
2017-08-30,31.67856216430664,Adj Close
2017-08-31,32.31532287597656,Adj Close
2017-09-01,33.0405158996582,Adj Close
2017-09-05,32.925540924072266,Adj Close
2017-09-06,33.65821075439453,Adj Close
2017-09-07,33.31522750854492,Adj Close
2017-09-08,33.396461486816406,Adj Close
2017-09-11,33.712364196777344,Adj Close
2017-09-12,34.19977569580078,Adj Close
2017-09-13,34.488609313964844,Adj Close
2017-09-14,35.01212692260742,Adj Close
2017-09-15,35.093360900878906,Adj Close
2017-09-18,34.831600189208984,Adj Close
2017-09-19,34.93088912963867,Adj Close
2017-09-20,35.093360900878906,Adj Close
2017-09-21,35.29193878173828,Adj Close
2017-09-22,35.58076095581055,Adj Close
2017-09-25,36.37506103515625,Adj Close
2017-09-26,36.338951110839844,Adj Close
2017-09-27,36.62779235839844,Adj Close
2017-09-28,36.62779235839844,Adj Close
2017-09-29,36.447269439697266,Adj Close
2017-10-02,38.04488754272461,Adj Close
2017-10-03,39.2182731628418,Adj Close
2017-10-04,39.516136169433594,Adj Close
2017-10-05,39.57931137084961,Adj Close
2017-10-06,40.55413055419922,Adj Close
2017-10-09,40.91517639160156,Adj Close
2017-10-10,40.806861877441406,Adj Close
2017-10-11,41.04153823852539,Adj Close
2017-10-12,40.51802062988281,Adj Close
2017-10-13,41.4116096496582,Adj Close
2017-10-16,41.30329132080078,Adj Close
2017-10-17,40.63536834716797,Adj Close
2017-10-18,40.725624084472656,Adj Close
2017-10-19,40.933223724365234,Adj Close
2017-10-20,41.167903900146484,Adj Close
2017-10-23,40.752708435058594,Adj Close
2017-10-24,41.95316696166992,Adj Close
2017-10-25,40.725624084472656,Adj Close
2017-10-26,40.84296417236328,Adj Close
2017-10-27,40.2923698425293,Adj Close
2017-10-30,39.146060943603516,Adj Close
2017-10-31,38.79404830932617,Adj Close
2017-11-01,38.929439544677734,Adj Close
2017-11-02,38.451053619384766,Adj Close
2017-11-03,38.21637725830078,Adj Close
2017-11-06,38.03585433959961,Adj Close
2017-11-07,37.63871383666992,Adj Close
2017-11-08,38.0087776184082,Adj Close
2017-11-09,38.0087776184082,Adj Close
2017-11-10,38.50520706176758,Adj Close
2017-11-13,39.32658386230469,Adj Close
2017-11-14,38.812103271484375,Adj Close
2017-11-15,38.685733795166016,Adj Close
2017-11-16,39.353660583496094,Adj Close
2017-11-17,39.60639572143555,Adj Close
2017-11-20,40.50899887084961,Adj Close
2017-11-21,40.590232849121094,Adj Close
2017-11-22,39.976463317871094,Adj Close
2017-11-24,40.129905700683594,Adj Close
2017-11-27,39.86814880371094,Adj Close
2017-11-28,40.545101165771484,Adj Close
2017-11-29,39.543209075927734,Adj Close
2017-11-30,38.893333435058594,Adj Close
2017-12-01,38.6225471496582,Adj Close
2017-12-04,38.85722732543945,Adj Close
2017-12-05,38.63157653808594,Adj Close
2017-12-06,38.04488754272461,Adj Close
2017-12-07,38.272586822509766,Adj Close
2017-12-08,38.272586822509766,Adj Close
2017-12-11,37.953800201416016,Adj Close
2017-12-12,37.8262825012207,Adj Close
2017-12-13,37.70787811279297,Adj Close
2017-12-14,37.17049789428711,Adj Close
2017-12-15,37.29801940917969,Adj Close
2017-12-18,38.39099884033203,Adj Close
2017-12-19,38.70067596435547,Adj Close
2017-12-20,38.728004455566406,Adj Close
2017-12-21,38.40010452270508,Adj Close
2017-12-22,38.272586822509766,Adj Close
2017-12-26,38.07221221923828,Adj Close
2017-12-27,37.625911712646484,Adj Close
2017-12-28,37.689666748046875,Adj Close
2017-12-29,37.334449768066406,Adj Close
2018-01-02,38.07221221923828,Adj Close
2018-01-03,39.001243591308594,Adj Close
2018-01-04,40.20352554321289,Adj Close
2018-01-05,40.085113525390625,Adj Close
2018-01-08,40.276390075683594,Adj Close
2018-01-09,40.121543884277344,Adj Close
2018-01-10,39.165191650390625,Adj Close
2018-01-11,40.24906539916992,Adj Close
2018-01-12,40.139766693115234,Adj Close
2018-01-16,40.24906539916992,Adj Close
2018-01-17,40.103336334228516,Adj Close
2018-01-18,39.94849395751953,Adj Close
2018-01-19,39.301815032958984,Adj Close
2018-01-22,39.42932891845703,Adj Close
2018-01-23,39.51129913330078,Adj Close
2018-01-24,40.22174072265625,Adj Close
2018-01-25,39.31092071533203,Adj Close
2018-01-26,39.61149597167969,Adj Close
2018-01-29,39.183406829833984,Adj Close
2018-01-30,38.89194107055664,Adj Close
2018-01-31,38.6278076171875,Adj Close
2018-02-01,38.64602279663086,Adj Close
2018-02-02,37.34355163574219,Adj Close
2018-02-05,36.013763427734375,Adj Close
2018-02-06,38.12685775756836,Adj Close
2018-02-07,38.609588623046875,Adj Close
2018-02-08,37.115848541259766,Adj Close
2018-02-09,37.76252746582031,Adj Close
2018-02-12,38.25437545776367,Adj Close
2018-02-13,37.70787811279297,Adj Close
2018-02-14,38.081321716308594,Adj Close
2018-02-15,38.11774444580078,Adj Close
2018-02-16,37.42552185058594,Adj Close
2018-02-20,37.134071350097656,Adj Close
2018-02-21,36.94279861450195,Adj Close
2018-02-22,37.261573791503906,Adj Close
2018-02-23,37.261573791503906,Adj Close
2018-02-26,37.83539962768555,Adj Close
2018-02-27,36.58757400512695,Adj Close
2018-02-28,35.840702056884766,Adj Close
2018-03-01,34.41982650756836,Adj Close
2018-03-02,34.0919303894043,Adj Close
2018-03-05,34.37428665161133,Adj Close
2018-03-06,34.54734420776367,Adj Close
2018-03-07,34.37428665161133,Adj Close
2018-03-08,34.81592559814453,Adj Close
2018-03-09,34.81592559814453,Adj Close
2018-03-12,34.806732177734375,Adj Close
2018-03-13,34.97233581542969,Adj Close
2018-03-14,34.67790985107422,Adj Close
2018-03-15,34.825130462646484,Adj Close
2018-03-16,34.907928466796875,Adj Close
2018-03-19,34.05225372314453,Adj Close
2018-03-20,33.94184875488281,Adj Close
2018-03-21,34.57670593261719,Adj Close
2018-03-22,33.445003509521484,Adj Close
2018-03-23,32.35930252075195,Adj Close
2018-03-26,33.11376953125,Adj Close
2018-03-27,32.083282470703125,Adj Close
2018-03-28,32.63533020019531,Adj Close
2018-03-29,33.43580627441406,Adj Close
2018-04-02,32.90215301513672,Adj Close
2018-04-03,33.987850189208984,Adj Close
2018-04-04,34.99074172973633,Adj Close
2018-04-05,34.963138580322266,Adj Close
2018-04-06,34.6687126159668,Adj Close
2018-04-09,34.806732177734375,Adj Close
2018-04-10,35.947628021240234,Adj Close
2018-04-11,35.88322067260742,Adj Close
2018-04-12,35.726806640625,Adj Close
2018-04-13,35.634796142578125,Adj Close
2018-04-16,36.039634704589844,Adj Close
2018-04-17,36.08564376831055,Adj Close
2018-04-18,35.818809509277344,Adj Close
2018-04-19,34.751522064208984,Adj Close
2018-04-20,34.60430908203125,Adj Close
2018-04-23,34.67790985107422,Adj Close
2018-04-24,34.89873504638672,Adj Close
2018-04-25,35.064353942871094,Adj Close
2018-04-26,35.19316101074219,Adj Close
2018-04-27,34.64111328125,Adj Close
2018-04-30,33.803836822509766,Adj Close
2018-05-01,33.5094108581543,Adj Close
2018-05-02,33.3069953918457,Adj Close
2018-05-03,33.260990142822266,Adj Close
2018-05-04,33.77622604370117,Adj Close
2018-05-07,33.43580627441406,Adj Close
2018-05-08,33.42660140991211,Adj Close
2018-05-09,33.37139892578125,Adj Close
2018-05-10,34.19027328491211,Adj Close
2018-05-11,33.94184875488281,Adj Close
2018-05-14,33.70262908935547,Adj Close
2018-05-15,33.987850189208984,Adj Close
2018-05-16,34.99074172973633,Adj Close
2018-05-17,35.239166259765625,Adj Close
2018-05-18,34.769920349121094,Adj Close
2018-05-21,35.045955657958984,Adj Close
2018-05-22,35.220760345458984,Adj Close
2018-05-23,34.825130462646484,Adj Close
2018-05-24,35.32197189331055,Adj Close
2018-05-25,35.239166259765625,Adj Close
2018-05-29,34.39269256591797,Adj Close
2018-05-30,34.806732177734375,Adj Close
2018-05-31,39.28752136230469,Adj Close
2018-06-01,39.7475700378418,Adj Close
2018-06-04,40.281219482421875,Adj Close
2018-06-05,39.9407844543457,Adj Close
2018-06-06,40.41922378540039,Adj Close
2018-06-07,40.84615707397461,Adj Close
2018-06-08,41.06890869140625,Adj Close
2018-06-11,41.62577438354492,Adj Close
2018-06-12,41.00394058227539,Adj Close
2018-06-13,41.2545280456543,Adj Close
2018-06-14,40.43778991699219,Adj Close
2018-06-15,40.75334930419922,Adj Close
2018-06-18,40.79047775268555,Adj Close
2018-06-19,39.22196578979492,Adj Close
2018-06-20,38.93425369262695,Adj Close
2018-06-21,38.16392135620117,Adj Close
2018-06-22,38.28457260131836,Adj Close
2018-06-25,37.690582275390625,Adj Close
2018-06-26,38.06182861328125,Adj Close
2018-06-27,37.46783447265625,Adj Close
2018-06-28,37.607051849365234,Adj Close
2018-06-29,36.56757736206055,Adj Close
2018-07-02,36.66038131713867,Adj Close
2018-07-03,36.16848373413086,Adj Close
2018-07-05,36.632537841796875,Adj Close
2018-07-06,36.344818115234375,Adj Close
2018-07-09,36.89241027832031,Adj Close
2018-07-10,37.207969665527344,Adj Close
2018-07-11,36.47475051879883,Adj Close
2018-07-12,36.44691467285156,Adj Close
2018-07-13,36.53044128417969,Adj Close
2018-07-16,36.71607208251953,Adj Close
2018-07-17,37.15227508544922,Adj Close
2018-07-18,37.003780364990234,Adj Close
2018-07-19,36.48404312133789,Adj Close
2018-07-20,36.56757736206055,Adj Close
2018-07-23,36.44691467285156,Adj Close
2018-07-24,36.641815185546875,Adj Close
2018-07-25,34.94337844848633,Adj Close
2018-07-26,34.108070373535156,Adj Close
2018-07-27,34.832000732421875,Adj Close
2018-07-30,34.96193313598633,Adj Close
2018-07-31,35.18468475341797,Adj Close
2018-08-01,34.470035552978516,Adj Close
2018-08-02,33.98741912841797,Adj Close
2018-08-03,35.01762390136719,Adj Close
2018-08-06,34.896968841552734,Adj Close
2018-08-07,34.8784065246582,Adj Close
2018-08-08,34.95265197753906,Adj Close
2018-08-09,34.813438415527344,Adj Close
2018-08-10,33.95957565307617,Adj Close
2018-08-13,33.560489654541016,Adj Close
2018-08-14,33.59761428833008,Adj Close
2018-08-15,33.35630416870117,Adj Close
2018-08-16,33.6811408996582,Adj Close
2018-08-17,33.76467514038086,Adj Close
2018-08-20,34.12663650512695,Adj Close
2018-08-21,34.25657272338867,Adj Close
2018-08-22,33.53264617919922,Adj Close
2018-08-23,33.105712890625,Adj Close
2018-08-24,33.36558532714844,Adj Close
2018-08-27,34.98050308227539,Adj Close
2018-08-28,34.6370964050293,Adj Close
2018-08-29,34.45147705078125,Adj Close
2018-08-30,33.74611282348633,Adj Close
2018-08-31,33.45839309692383,Adj Close
2018-09-04,33.04074478149414,Adj Close
2018-09-05,32.75303268432617,Adj Close
2018-09-06,32.25578308105469,Adj Close
2018-09-07,31.814821243286133,Adj Close
2018-09-10,31.777292251586914,Adj Close
2018-09-11,31.683473587036133,Adj Close
2018-09-12,31.95555305480957,Adj Close
2018-09-13,32.133811950683594,Adj Close
2018-09-14,32.49033737182617,Adj Close
2018-09-17,32.856239318847656,Adj Close
2018-09-18,32.93129348754883,Adj Close
2018-09-19,33.52236557006836,Adj Close
2018-09-20,33.850746154785156,Adj Close
2018-09-21,33.13770294189453,Adj Close
2018-09-24,32.6029167175293,Adj Close
2018-09-25,31.477062225341797,Adj Close
2018-09-26,31.645944595336914,Adj Close
2018-09-27,31.589645385742188,Adj Close
2018-09-28,31.589645385742188,Adj Close
2018-10-01,32.0869026184082,Adj Close
2018-10-02,31.242507934570312,Adj Close
2018-10-03,31.899259567260742,Adj Close
2018-10-04,32.133811950683594,Adj Close
2018-10-05,32.011844635009766,Adj Close
2018-10-08,32.133811950683594,Adj Close
2018-10-09,30.632673263549805,Adj Close
2018-10-10,30.58576011657715,Adj Close
2018-10-11,30.31368064880371,Adj Close
2018-10-12,29.825809478759766,Adj Close
2018-10-15,30.13541603088379,Adj Close
2018-10-16,30.341825485229492,Adj Close
2018-10-17,29.9571590423584,Adj Close
2018-10-18,29.15967559814453,Adj Close
2018-10-19,29.272260665893555,Adj Close
2018-10-22,29.40361213684082,Adj Close
2018-10-23,30.13541603088379,Adj Close
2018-10-24,28.671804428100586,Adj Close
2018-10-25,30.0228328704834,Adj Close
2018-10-26,30.632673263549805,Adj Close
2018-10-29,31.0830135345459,Adj Close
2018-10-30,31.467681884765625,Adj Close
2018-10-31,34.329227447509766,Adj Close
2018-11-01,34.21664810180664,Adj Close
2018-11-02,33.8038330078125,Adj Close
2018-11-05,34.0102424621582,Adj Close
2018-11-06,34.2072639465332,Adj Close
2018-11-07,34.60131072998047,Adj Close
2018-11-08,34.31046676635742,Adj Close
2018-11-09,33.49422073364258,Adj Close
2018-11-12,33.48483657836914,Adj Close
2018-11-13,33.710018157958984,Adj Close
2018-11-14,33.053260803222656,Adj Close
2018-11-15,33.353492736816406,Adj Close
2018-11-16,33.541133880615234,Adj Close
2018-11-19,33.47545623779297,Adj Close
2018-11-20,32.92190933227539,Adj Close
2018-11-21,33.353492736816406,Adj Close
2018-11-23,33.710018157958984,Adj Close
2018-11-26,35.32373809814453,Adj Close
2018-11-27,34.42305374145508,Adj Close
2018-11-28,34.6669921875,Adj Close
2018-11-29,34.48872756958008,Adj Close
2018-11-30,35.605201721191406,Adj Close
2018-12-03,36.074310302734375,Adj Close
2018-12-04,34.26355743408203,Adj Close
2018-12-06,33.846405029296875,Adj Close
2018-12-07,32.88884353637695,Adj Close
2018-12-10,32.63285827636719,Adj Close
2018-12-11,32.88884353637695,Adj Close
2018-12-12,33.82744216918945,Adj Close
2018-12-13,33.28703308105469,Adj Close
2018-12-14,33.27755355834961,Adj Close
2018-12-17,32.86040115356445,Adj Close
2018-12-18,33.08793640136719,Adj Close
2018-12-19,33.11638641357422,Adj Close
2018-12-20,32.49065017700195,Adj Close
2018-12-21,31.26762580871582,Adj Close
2018-12-24,30.68929672241211,Adj Close
2018-12-26,31.779590606689453,Adj Close
2018-12-27,32.196746826171875,Adj Close
2018-12-28,32.15882110595703,Adj Close
2018-12-31,31.713224411010742,Adj Close
2019-01-02,31.893360137939453,Adj Close
2019-01-03,30.575532913208008,Adj Close
2019-01-04,31.599454879760742,Adj Close
2019-01-07,32.57597732543945,Adj Close
2019-01-08,33.00261688232422,Adj Close
2019-01-09,33.35340118408203,Adj Close
2019-01-10,32.92676544189453,Adj Close
2019-01-11,35.24955749511719,Adj Close
2019-01-14,35.70463562011719,Adj Close
2019-01-15,35.60034942626953,Adj Close
2019-01-16,35.714115142822266,Adj Close
2019-01-17,36.27347946166992,Adj Close
2019-01-18,36.60531234741211,Adj Close
2019-01-22,36.16919708251953,Adj Close
2019-01-23,35.714115142822266,Adj Close
2019-01-24,36.17867660522461,Adj Close
2019-01-25,36.633750915527344,Adj Close
2019-01-28,36.463096618652344,Adj Close
2019-01-29,36.47257995605469,Adj Close
2019-01-30,37.060394287109375,Adj Close
2019-01-31,36.994022369384766,Adj Close
2019-02-01,36.7664794921875,Adj Close
2019-02-04,36.90869903564453,Adj Close
2019-02-05,37.25948715209961,Adj Close
2019-02-06,37.837806701660156,Adj Close
2019-02-07,36.64323806762695,Adj Close
2019-02-08,36.690635681152344,Adj Close
2019-02-11,36.62427520751953,Adj Close
2019-02-12,37.00349807739258,Adj Close
2019-02-13,36.975059509277344,Adj Close
2019-02-14,36.87077331542969,Adj Close
2019-02-15,37.060394287109375,Adj Close
2019-02-19,37.477542877197266,Adj Close
2019-02-20,37.875732421875,Adj Close
2019-02-21,37.562870025634766,Adj Close
2019-02-22,37.913658142089844,Adj Close
2019-02-25,38.055870056152344,Adj Close
2019-02-26,38.027427673339844,Adj Close
2019-02-27,37.92314147949219,Adj Close
2019-02-28,37.430137634277344,Adj Close
2019-03-01,37.477542877197266,Adj Close
2019-03-04,37.21207809448242,Adj Close
2019-03-05,37.24052429199219,Adj Close
2019-03-06,36.662193298339844,Adj Close
2019-03-07,36.42282485961914,Adj Close
2019-03-08,36.37495040893555,Adj Close
2019-03-11,36.97816848754883,Adj Close
2019-03-12,36.97816848754883,Adj Close
2019-03-13,37.150508880615234,Adj Close
2019-03-14,36.413246154785156,Adj Close
2019-03-15,36.45154571533203,Adj Close
2019-03-18,36.36537551879883,Adj Close
2019-03-19,36.64304733276367,Adj Close
2019-03-20,35.42703628540039,Adj Close
2019-03-21,35.76215362548828,Adj Close
2019-03-22,34.890846252441406,Adj Close
2019-03-25,35.187660217285156,Adj Close
2019-03-26,35.30256271362305,Adj Close
2019-03-27,35.05361557006836,Adj Close
2019-03-28,35.48448944091797,Adj Close
2019-03-29,35.52278518676758,Adj Close
2019-04-01,36.154727935791016,Adj Close
2019-04-02,36.20260238647461,Adj Close
2019-04-03,36.75794219970703,Adj Close
2019-04-04,37.14093780517578,Adj Close
2019-04-05,37.28456115722656,Adj Close
2019-04-08,37.39946365356445,Adj Close
2019-04-09,37.20796585083008,Adj Close
2019-04-10,37.581382751464844,Adj Close
2019-04-11,37.657981872558594,Adj Close
2019-04-12,38.02182388305664,Adj Close
2019-04-15,37.887779235839844,Adj Close
2019-04-16,37.97395324707031,Adj Close
2019-04-17,38.28992462158203,Adj Close
2019-04-18,38.58674240112305,Adj Close
2019-04-22,37.82075500488281,Adj Close
2019-04-23,38.1367301940918,Adj Close
2019-04-24,38.031402587890625,Adj Close
2019-04-25,37.44733428955078,Adj Close
2019-04-26,37.993106842041016,Adj Close
2019-04-29,38.30906677246094,Adj Close
2019-04-30,37.29413986206055,Adj Close
2019-05-01,37.10263442993164,Adj Close
2019-05-02,36.62389373779297,Adj Close
2019-05-03,37.150508880615234,Adj Close
2019-05-06,36.47069549560547,Adj Close
2019-05-07,36.891990661621094,Adj Close
2019-05-08,36.585594177246094,Adj Close
2019-05-09,35.98237991333008,Adj Close
2019-05-10,36.27920150756836,Adj Close
2019-05-13,35.005741119384766,Adj Close
2019-05-14,35.465335845947266,Adj Close
2019-05-15,35.78130340576172,Adj Close
2019-05-16,35.7908821105957,Adj Close
2019-05-17,35.42703628540039,Adj Close
2019-05-20,35.3983154296875,Adj Close
2019-05-21,35.551509857177734,Adj Close
2019-05-22,34.03868103027344,Adj Close
2019-05-23,33.63653564453125,Adj Close
2019-05-24,33.62696075439453,Adj Close
2019-05-28,33.36843490600586,Adj Close
2019-05-29,33.31098937988281,Adj Close
2019-05-30,33.339717864990234,Adj Close
2019-05-31,31.922632217407227,Adj Close
2019-06-03,32.26732635498047,Adj Close
2019-06-04,34.21102523803711,Adj Close
2019-06-05,34.31635284423828,Adj Close
2019-06-06,34.055057525634766,Adj Close
2019-06-07,34.34538269042969,Adj Close
2019-06-10,34.848609924316406,Adj Close
2019-06-11,35.03248596191406,Adj Close
2019-06-12,34.51957702636719,Adj Close
2019-06-13,34.8582878112793,Adj Close
2019-06-14,34.5098991394043,Adj Close
2019-06-17,34.97441482543945,Adj Close
2019-06-18,35.516357421875,Adj Close
2019-06-19,35.593780517578125,Adj Close
2019-06-20,35.767974853515625,Adj Close
2019-06-21,35.7292594909668,Adj Close
2019-06-24,35.767974853515625,Adj Close
2019-06-25,36.46474838256836,Adj Close
2019-06-26,36.900238037109375,Adj Close
2019-06-27,37.084110260009766,Adj Close
2019-06-28,37.28733444213867,Adj Close
2019-07-01,37.500240325927734,Adj Close
2019-07-02,37.10346603393555,Adj Close
2019-07-03,36.92927169799805,Adj Close
2019-07-05,37.25830841064453,Adj Close
2019-07-08,36.997013092041016,Adj Close
2019-07-09,36.85184860229492,Adj Close
2019-07-10,36.87120819091797,Adj Close
2019-07-11,37.19055938720703,Adj Close
2019-07-12,37.945404052734375,Adj Close
2019-07-15,38.09056854248047,Adj Close
2019-07-16,38.1583137512207,Adj Close
2019-07-17,37.89701843261719,Adj Close
2019-07-18,37.858306884765625,Adj Close
2019-07-19,38.20669937133789,Adj Close
2019-07-22,38.574440002441406,Adj Close
2019-07-23,39.39702606201172,Adj Close
2019-07-24,39.561546325683594,Adj Close
2019-07-25,39.43573760986328,Adj Close
2019-07-26,39.45509338378906,Adj Close
2019-07-29,39.36799621582031,Adj Close
2019-07-30,39.12605667114258,Adj Close
2019-07-31,39.03895950317383,Adj Close
2019-08-01,38.85508728027344,Adj Close
2019-08-02,38.49702072143555,Adj Close
2019-08-05,37.75185012817383,Adj Close
2019-08-06,37.819602966308594,Adj Close
2019-08-07,38.119598388671875,Adj Close
2019-08-08,38.80670166015625,Adj Close
2019-08-09,38.33250427246094,Adj Close
2019-08-12,37.60669708251953,Adj Close
2019-08-13,37.75185012817383,Adj Close
2019-08-14,35.99055480957031,Adj Close
2019-08-15,35.29377746582031,Adj Close
2019-08-16,35.80668258666992,Adj Close
2019-08-19,36.15507507324219,Adj Close
2019-08-20,35.767974853515625,Adj Close
2019-08-21,35.92280578613281,Adj Close
2019-08-22,36.05829620361328,Adj Close
2019-08-23,34.89699935913086,Adj Close
2019-08-26,35.08087158203125,Adj Close
2019-08-27,34.732479095458984,Adj Close
2019-08-28,35.26474380493164,Adj Close
2019-08-29,35.71958541870117,Adj Close
2019-08-30,35.89377975463867,Adj Close
2019-09-03,35.71958541870117,Adj Close
2019-09-04,37.006690979003906,Adj Close
2019-09-05,37.85708236694336,Adj Close
2019-09-06,37.90595245361328,Adj Close
2019-09-09,38.687923431396484,Adj Close
2019-09-10,38.687923431396484,Adj Close
2019-09-11,38.57062530517578,Adj Close
2019-09-12,38.18941879272461,Adj Close
2019-09-13,37.98414993286133,Adj Close
2019-09-16,36.371337890625,Adj Close
2019-09-17,37.426998138427734,Adj Close
2019-09-18,37.31947708129883,Adj Close
2019-09-19,36.928489685058594,Adj Close
2019-09-20,36.527732849121094,Adj Close
2019-09-23,36.400665283203125,Adj Close
2019-09-24,35.941253662109375,Adj Close
2019-09-25,36.27359390258789,Adj Close
2019-09-26,36.762325286865234,Adj Close
2019-09-27,36.57660675048828,Adj Close
2019-09-30,36.63525390625,Adj Close
2019-10-01,35.2961311340332,Adj Close
2019-10-02,33.89836120605469,Adj Close
2019-10-03,34.19160079956055,Adj Close
2019-10-04,34.12317657470703,Adj Close
2019-10-07,33.9667854309082,Adj Close
2019-10-08,33.11639404296875,Adj Close
2019-10-09,33.37052917480469,Adj Close
2019-10-10,33.87881088256836,Adj Close
2019-10-11,34.7682991027832,Adj Close
2019-10-14,34.69987869262695,Adj Close
2019-10-15,35.4427490234375,Adj Close
2019-10-16,35.8239631652832,Adj Close
2019-10-17,35.374324798583984,Adj Close
2019-10-18,35.35477828979492,Adj Close
2019-10-21,35.12018966674805,Adj Close
2019-10-22,35.49162292480469,Adj Close
2019-10-23,35.78486633300781,Adj Close
2019-10-24,35.01266860961914,Adj Close
2019-10-25,35.91193389892578,Adj Close
2019-10-28,35.814186096191406,Adj Close
2019-10-29,37.34879684448242,Adj Close
2019-10-30,37.05556106567383,Adj Close
2019-10-31,36.32246398925781,Adj Close
2019-11-01,37.11420822143555,Adj Close
2019-11-04,37.52474594116211,Adj Close
2019-11-05,37.368350982666016,Adj Close
2019-11-06,37.5540657043457,Adj Close
2019-11-07,37.62248992919922,Adj Close
2019-11-08,37.798431396484375,Adj Close
2019-11-11,37.84730529785156,Adj Close
2019-11-12,37.72023391723633,Adj Close
2019-11-13,36.35179138183594,Adj Close
2019-11-14,35.9705810546875,Adj Close
2019-11-15,36.05854797363281,Adj Close
2019-11-18,35.79463577270508,Adj Close
2019-11-19,35.56005096435547,Adj Close
2019-11-20,34.48483657836914,Adj Close
2019-11-21,33.888587951660156,Adj Close
2019-11-22,34.533714294433594,Adj Close
2019-11-25,35.00289535522461,Adj Close
2019-11-26,35.10063934326172,Adj Close
2019-11-27,35.32545471191406,Adj Close
2019-11-29,35.1886100769043,Adj Close
2019-12-02,35.07131576538086,Adj Close
2019-12-03,34.72920227050781,Adj Close
2019-12-04,34.99311447143555,Adj Close
2019-12-05,34.88444519042969,Adj Close
2019-12-06,35.111671447753906,Adj Close
2019-12-09,34.9536018371582,Adj Close
2019-12-10,34.68685531616211,Adj Close
2019-12-11,34.81528854370117,Adj Close
2019-12-12,35.664920806884766,Adj Close
2019-12-13,35.2203483581543,Adj Close
2019-12-16,35.6748046875,Adj Close
2019-12-17,35.87239456176758,Adj Close
2019-12-18,36.8603401184082,Adj Close
2019-12-19,36.81093978881836,Adj Close
2019-12-20,36.801063537597656,Adj Close
2019-12-23,36.326847076416016,Adj Close
2019-12-24,36.13914108276367,Adj Close
2019-12-26,36.04034423828125,Adj Close
2019-12-27,36.119380950927734,Adj Close
2019-12-30,36.000823974609375,Adj Close
2019-12-31,36.15889358520508,Adj Close
2020-01-02,36.92949676513672,Adj Close
2020-01-03,35.88227081298828,Adj Close
2020-01-06,35.408058166503906,Adj Close
2020-01-07,34.726375579833984,Adj Close
2020-01-08,34.232398986816406,Adj Close
2020-01-09,34.65721893310547,Adj Close
2020-01-10,34.232398986816406,Adj Close
2020-01-13,34.55842208862305,Adj Close
2020-01-14,34.726375579833984,Adj Close
2020-01-15,34.726375579833984,Adj Close
2020-01-16,35.121551513671875,Adj Close
2020-01-17,35.17094802856445,Adj Close
2020-01-21,34.568302154541016,Adj Close
2020-01-22,34.48926544189453,Adj Close
2020-01-23,34.45962905883789,Adj Close
2020-01-24,33.8964958190918,Adj Close
2020-01-27,33.00734329223633,Adj Close
2020-01-28,33.23456954956055,Adj Close
2020-01-29,33.19505310058594,Adj Close
2020-01-30,32.92831039428711,Adj Close
2020-01-31,32.98758316040039,Adj Close
2020-02-03,33.31360626220703,Adj Close
2020-02-04,33.955772399902344,Adj Close
2020-02-05,34.607818603515625,Adj Close
2020-02-06,33.916255950927734,Adj Close
2020-02-07,33.224693298339844,Adj Close
2020-02-10,33.83721923828125,Adj Close
2020-02-11,34.58805847167969,Adj Close
2020-02-12,35.06227493286133,Adj Close
2020-02-13,34.86468505859375,Adj Close
2020-02-14,34.34107208251953,Adj Close
2020-02-18,33.99528884887695,Adj Close
2020-02-19,34.499141693115234,Adj Close
2020-02-20,34.86468505859375,Adj Close
2020-02-21,34.232398986816406,Adj Close
2020-02-24,32.691200256347656,Adj Close
2020-02-25,31.36734962463379,Adj Close
2020-02-26,31.614336013793945,Adj Close
2020-02-27,30.339881896972656,Adj Close
2020-02-28,30.132413864135742,Adj Close
2020-03-02,31.04132652282715,Adj Close
2020-03-03,30.15217399597168,Adj Close
2020-03-04,31.150001525878906,Adj Close
2020-03-05,30.100000381469727,Adj Close
2020-03-06,28.690000534057617,Adj Close
2020-03-09,24.690000534057617,Adj Close
2020-03-10,27.1200008392334,Adj Close
2020-03-11,26.0,Adj Close
2020-03-12,23.040000915527344,Adj Close
2020-03-13,24.709999084472656,Adj Close
2020-03-16,21.0,Adj Close
2020-03-17,20.31999969482422,Adj Close
2020-03-18,16.799999237060547,Adj Close
2020-03-19,17.709999084472656,Adj Close
2020-03-20,18.139999389648438,Adj Close
2020-03-23,17.600000381469727,Adj Close
2020-03-24,21.110000610351562,Adj Close
2020-03-25,21.489999771118164,Adj Close
2020-03-26,22.559999465942383,Adj Close
2020-03-27,21.3799991607666,Adj Close
2020-03-30,21.31999969482422,Adj Close
2020-03-31,20.780000686645508,Adj Close
2020-04-01,19.260000228881836,Adj Close
2020-04-02,18.190000534057617,Adj Close
2020-04-03,18.040000915527344,Adj Close
2020-04-06,19.549999237060547,Adj Close
2020-04-07,21.299999237060547,Adj Close
2020-04-08,23.1299991607666,Adj Close
2020-04-09,24.059999465942383,Adj Close
2020-04-13,23.010000228881836,Adj Close
2020-04-14,22.979999542236328,Adj Close
2020-04-15,21.65999984741211,Adj Close
2020-04-16,20.8700008392334,Adj Close
2020-04-17,22.479999542236328,Adj Close
2020-04-20,22.3799991607666,Adj Close
2020-04-21,21.239999771118164,Adj Close
2020-04-22,21.299999237060547,Adj Close
2020-04-23,21.520000457763672,Adj Close
2020-04-24,21.950000762939453,Adj Close
2020-04-27,22.450000762939453,Adj Close
2020-04-28,22.18000030517578,Adj Close
2020-04-29,23.780000686645508,Adj Close
2020-04-30,22.290000915527344,Adj Close
2020-05-01,20.899999618530273,Adj Close
2020-05-04,20.75,Adj Close
2020-05-05,21.260000228881836,Adj Close
2020-05-06,21.889999389648438,Adj Close
2020-05-07,22.440000534057617,Adj Close
2020-05-08,23.93000030517578,Adj Close
2020-05-11,22.799999237060547,Adj Close
2020-05-12,22.559999465942383,Adj Close
2020-05-13,21.459999084472656,Adj Close
2020-05-14,22.309999465942383,Adj Close
2020-05-15,22.6299991607666,Adj Close
2020-05-18,24.809999465942383,Adj Close
2020-05-19,24.690000534057617,Adj Close
2020-05-20,25.479999542236328,Adj Close
2020-05-21,25.799999237060547,Adj Close
2020-05-22,25.979999542236328,Adj Close
2020-05-26,27.399999618530273,Adj Close
2020-05-27,27.790000915527344,Adj Close
2020-05-28,26.68000030517578,Adj Close
2020-05-29,25.8799991607666,Adj Close
2020-06-01,26.940000534057617,Adj Close
2020-06-02,27.40999984741211,Adj Close
2020-06-03,29.06999969482422,Adj Close
2020-06-04,29.15999984741211,Adj Close
2020-06-05,30.610000610351562,Adj Close
2020-06-08,30.68000030517578,Adj Close
2020-06-09,29.860000610351562,Adj Close
2020-06-10,28.75,Adj Close
2020-06-11,26.5,Adj Close
2020-06-12,27.959999084472656,Adj Close
2020-06-15,27.770000457763672,Adj Close
2020-06-16,27.780000686645508,Adj Close
2020-06-17,27.15999984741211,Adj Close
2020-06-18,27.09000015258789,Adj Close
2020-06-19,26.59000015258789,Adj Close
2020-06-22,26.3700008392334,Adj Close
2020-06-23,26.25,Adj Close
2020-06-24,25.280000686645508,Adj Close
2020-06-25,25.229999542236328,Adj Close
2020-06-26,24.459999084472656,Adj Close
2020-06-29,25.299999237060547,Adj Close
2020-06-30,25.299999237060547,Adj Close
2020-07-01,24.959999084472656,Adj Close
2020-07-02,25.239999771118164,Adj Close
2020-07-06,25.729999542236328,Adj Close
2020-07-07,25.1299991607666,Adj Close
2020-07-08,24.940000534057617,Adj Close
2020-07-09,23.420000076293945,Adj Close
2020-07-10,24.389999389648438,Adj Close
2020-07-13,24.860000610351562,Adj Close
2020-07-14,25.639999389648438,Adj Close
2020-07-15,26.8799991607666,Adj Close
2020-07-16,26.850000381469727,Adj Close
2020-07-17,26.450000762939453,Adj Close
2020-07-20,26.010000228881836,Adj Close
2020-07-21,26.149999618530273,Adj Close
2020-07-22,26.299999237060547,Adj Close
2020-07-23,26.760000228881836,Adj Close
2020-07-24,26.25,Adj Close
2020-07-27,25.700000762939453,Adj Close
2020-07-28,26.329999923706055,Adj Close
2020-07-29,25.889999389648438,Adj Close
2020-07-30,25.200000762939453,Adj Close
2020-07-31,24.889999389648438,Adj Close
2020-08-03,25.639999389648438,Adj Close
2020-08-04,25.799999237060547,Adj Close
2020-08-05,26.329999923706055,Adj Close
2020-08-06,26.6200008392334,Adj Close
2020-08-07,26.719999313354492,Adj Close
2020-08-10,27.979999542236328,Adj Close
2020-08-11,28.520000457763672,Adj Close
2020-08-12,28.030000686645508,Adj Close
2020-08-13,27.549999237060547,Adj Close
2020-08-14,27.860000610351562,Adj Close
2020-08-17,30.010000228881836,Adj Close
2020-08-18,29.84000015258789,Adj Close
2020-08-19,29.219999313354492,Adj Close
2020-08-20,28.829999923706055,Adj Close
2020-08-21,28.559999465942383,Adj Close
2020-08-24,30.309999465942383,Adj Close
2020-08-25,29.690000534057617,Adj Close
2020-08-26,29.479999542236328,Adj Close
2020-08-27,29.690000534057617,Adj Close
2020-08-28,30.020000457763672,Adj Close
2020-08-31,29.6299991607666,Adj Close
2020-09-01,29.790000915527344,Adj Close
2020-09-02,30.959999084472656,Adj Close
2020-09-03,29.479999542236328,Adj Close
2020-09-04,30.0,Adj Close
2020-09-08,32.380001068115234,Adj Close
2020-09-09,31.950000762939453,Adj Close
2020-09-10,30.170000076293945,Adj Close
2020-09-11,30.459999084472656,Adj Close
2020-09-14,31.18000030517578,Adj Close
2020-09-15,31.579999923706055,Adj Close
2020-09-16,31.790000915527344,Adj Close
2020-09-17,31.920000076293945,Adj Close
2020-09-18,31.5,Adj Close
2020-09-21,30.0,Adj Close
2020-09-22,29.440000534057617,Adj Close
2020-09-23,29.34000015258789,Adj Close
2020-09-24,29.110000610351562,Adj Close
2020-09-25,29.0,Adj Close
2020-09-28,29.440000534057617,Adj Close
2020-09-29,28.739999771118164,Adj Close
2020-09-30,29.59000015258789,Adj Close
2020-10-01,30.3799991607666,Adj Close
2020-10-02,30.459999084472656,Adj Close
2020-10-05,30.959999084472656,Adj Close
2020-10-06,30.399999618530273,Adj Close
2020-10-07,31.6200008392334,Adj Close
2020-10-08,32.209999084472656,Adj Close
2020-10-09,32.15999984741211,Adj Close
2020-10-12,32.209999084472656,Adj Close
2020-10-13,31.8700008392334,Adj Close
2020-10-14,31.670000076293945,Adj Close
2020-10-15,32.59000015258789,Adj Close
2020-10-16,33.45000076293945,Adj Close
2020-10-19,33.349998474121094,Adj Close
2020-10-20,35.599998474121094,Adj Close
2020-10-21,35.77000045776367,Adj Close
2020-10-22,37.40999984741211,Adj Close
2020-10-23,36.83000183105469,Adj Close
2020-10-26,35.81999969482422,Adj Close
2020-10-27,34.88999938964844,Adj Close
2020-10-28,34.09000015258789,Adj Close
2020-10-29,34.88999938964844,Adj Close
2020-10-30,34.529998779296875,Adj Close
2020-11-02,34.54999923706055,Adj Close
2020-11-03,35.349998474121094,Adj Close
2020-11-04,35.2400016784668,Adj Close
2020-11-05,37.13999938964844,Adj Close
2020-11-06,37.470001220703125,Adj Close
2020-11-09,38.959999084472656,Adj Close
2020-11-10,41.08000183105469,Adj Close
2020-11-11,40.560001373291016,Adj Close
2020-11-12,39.31999969482422,Adj Close
2020-11-13,41.189998626708984,Adj Close
2020-11-16,42.130001068115234,Adj Close
2020-11-17,41.97999954223633,Adj Close
2020-11-18,42.720001220703125,Adj Close
2020-11-19,42.81999969482422,Adj Close
2020-11-20,43.040000915527344,Adj Close
2020-11-23,44.77000045776367,Adj Close
2020-11-24,46.459999084472656,Adj Close
2020-11-25,45.459999084472656,Adj Close
2020-11-27,45.060001373291016,Adj Close
2020-11-30,43.84000015258789,Adj Close
2020-12-01,44.68000030517578,Adj Close
2020-12-02,44.58000183105469,Adj Close
2020-12-03,44.09000015258789,Adj Close
2020-12-04,44.400001525878906,Adj Close
2020-12-07,44.310001373291016,Adj Close
2020-12-08,43.79999923706055,Adj Close
2020-12-09,44.43000030517578,Adj Close
2020-12-10,42.869998931884766,Adj Close
2020-12-11,41.91999816894531,Adj Close
2017-01-03,0.0,Moving Avg Adj Close
2017-01-04,0.0,Moving Avg Adj Close
2017-01-05,0.0,Moving Avg Adj Close
2017-01-06,0.0,Moving Avg Adj Close
2017-01-09,0.0,Moving Avg Adj Close
2017-01-10,0.0,Moving Avg Adj Close
2017-01-11,0.0,Moving Avg Adj Close
2017-01-12,0.0,Moving Avg Adj Close
2017-01-13,0.0,Moving Avg Adj Close
2017-01-17,0.0,Moving Avg Adj Close
2017-01-18,0.0,Moving Avg Adj Close
2017-01-19,0.0,Moving Avg Adj Close
2017-01-20,0.0,Moving Avg Adj Close
2017-01-23,0.0,Moving Avg Adj Close
2017-01-24,0.0,Moving Avg Adj Close
2017-01-25,0.0,Moving Avg Adj Close
2017-01-26,0.0,Moving Avg Adj Close
2017-01-27,0.0,Moving Avg Adj Close
2017-01-30,0.0,Moving Avg Adj Close
2017-01-31,0.0,Moving Avg Adj Close
2017-02-01,0.0,Moving Avg Adj Close
2017-02-02,0.0,Moving Avg Adj Close
2017-02-03,0.0,Moving Avg Adj Close
2017-02-06,0.0,Moving Avg Adj Close
2017-02-07,0.0,Moving Avg Adj Close
2017-02-08,0.0,Moving Avg Adj Close
2017-02-09,0.0,Moving Avg Adj Close
2017-02-10,0.0,Moving Avg Adj Close
2017-02-13,0.0,Moving Avg Adj Close
2017-02-14,0.0,Moving Avg Adj Close
2017-02-15,0.0,Moving Avg Adj Close
2017-02-16,0.0,Moving Avg Adj Close
2017-02-17,0.0,Moving Avg Adj Close
2017-02-21,0.0,Moving Avg Adj Close
2017-02-22,0.0,Moving Avg Adj Close
2017-02-23,0.0,Moving Avg Adj Close
2017-02-24,0.0,Moving Avg Adj Close
2017-02-27,0.0,Moving Avg Adj Close
2017-02-28,0.0,Moving Avg Adj Close
2017-03-01,0.0,Moving Avg Adj Close
2017-03-02,0.0,Moving Avg Adj Close
2017-03-03,0.0,Moving Avg Adj Close
2017-03-06,0.0,Moving Avg Adj Close
2017-03-07,0.0,Moving Avg Adj Close
2017-03-08,0.0,Moving Avg Adj Close
2017-03-09,0.0,Moving Avg Adj Close
2017-03-10,0.0,Moving Avg Adj Close
2017-03-13,0.0,Moving Avg Adj Close
2017-03-14,0.0,Moving Avg Adj Close
2017-03-15,31.95981658935547,Moving Avg Adj Close
2017-03-16,31.999804229736327,Moving Avg Adj Close
2017-03-17,31.99308086395264,Moving Avg Adj Close
2017-03-20,31.987632980346678,Moving Avg Adj Close
2017-03-21,31.968820037841798,Moving Avg Adj Close
2017-03-22,31.94686206817627,Moving Avg Adj Close
2017-03-23,31.899427490234373,Moving Avg Adj Close
2017-03-24,31.846851463317872,Moving Avg Adj Close
2017-03-27,31.804518089294433,Moving Avg Adj Close
2017-03-28,31.7799967956543,Moving Avg Adj Close
2017-03-29,31.755645179748534,Moving Avg Adj Close
2017-03-30,31.726249046325684,Moving Avg Adj Close
2017-03-31,31.698921890258788,Moving Avg Adj Close
2017-04-03,31.655800170898438,Moving Avg Adj Close
2017-04-04,31.620661087036133,Moving Avg Adj Close
2017-04-05,31.574738883972167,Moving Avg Adj Close
2017-04-06,31.509451904296874,Moving Avg Adj Close
2017-04-07,31.449452934265135,Moving Avg Adj Close
2017-04-10,31.402832756042482,Moving Avg Adj Close
2017-04-11,31.367112274169923,Moving Avg Adj Close
2017-04-12,31.32689338684082,Moving Avg Adj Close
2017-04-13,31.285191802978517,Moving Avg Adj Close
2017-04-17,31.25951072692871,Moving Avg Adj Close
2017-04-18,31.2197668838501,Moving Avg Adj Close
2017-04-19,31.17311466217041,Moving Avg Adj Close
2017-04-20,31.161840705871583,Moving Avg Adj Close
2017-04-21,31.143751792907715,Moving Avg Adj Close
2017-04-24,31.129500465393065,Moving Avg Adj Close
2017-04-25,31.11509014129639,Moving Avg Adj Close
2017-04-26,31.10144161224365,Moving Avg Adj Close
2017-04-27,31.060809593200684,Moving Avg Adj Close
2017-04-28,31.024697189331054,Moving Avg Adj Close
2017-05-01,30.98175380706787,Moving Avg Adj Close
2017-05-02,30.918028297424318,Moving Avg Adj Close
2017-05-03,30.84898452758789,Moving Avg Adj Close
2017-05-04,30.773648834228517,Moving Avg Adj Close
2017-05-05,30.719374198913574,Moving Avg Adj Close
2017-05-08,30.6746586227417,Moving Avg Adj Close
2017-05-09,30.628609237670897,Moving Avg Adj Close
2017-05-10,30.58948066711426,Moving Avg Adj Close
2017-05-11,30.53803680419922,Moving Avg Adj Close
2017-05-12,30.47230770111084,Moving Avg Adj Close
2017-05-15,30.401938972473143,Moving Avg Adj Close
2017-05-16,30.330114250183104,Moving Avg Adj Close
2017-05-17,30.24754997253418,Moving Avg Adj Close
2017-05-18,30.16358638763428,Moving Avg Adj Close
2017-05-19,30.09169246673584,Moving Avg Adj Close
2017-05-22,30.023296928405763,Moving Avg Adj Close
2017-05-23,29.959449691772463,Moving Avg Adj Close
2017-05-24,29.89367820739746,Moving Avg Adj Close
2017-05-25,29.815137214660645,Moving Avg Adj Close
2017-05-26,29.744992561340332,Moving Avg Adj Close
2017-05-30,29.696013679504393,Moving Avg Adj Close
2017-05-31,29.664877243041992,Moving Avg Adj Close
2017-06-01,29.662778091430663,Moving Avg Adj Close
2017-06-02,29.663827590942383,Moving Avg Adj Close
2017-06-05,29.667326049804686,Moving Avg Adj Close
2017-06-06,29.66505199432373,Moving Avg Adj Close
2017-06-07,29.66528350830078,Moving Avg Adj Close
2017-06-08,29.64657825469971,Moving Avg Adj Close
2017-06-09,29.63229106903076,Moving Avg Adj Close
2017-06-12,29.626291618347167,Moving Avg Adj Close
2017-06-13,29.61815986633301,Moving Avg Adj Close
2017-06-14,29.63261299133301,Moving Avg Adj Close
2017-06-15,29.645139961242677,Moving Avg Adj Close
2017-06-16,29.65690689086914,Moving Avg Adj Close
2017-06-19,29.666936073303223,Moving Avg Adj Close
2017-06-20,29.68572120666504,Moving Avg Adj Close
2017-06-21,29.695182647705078,Moving Avg Adj Close
2017-06-22,29.70658000946045,Moving Avg Adj Close
2017-06-23,29.717804412841797,Moving Avg Adj Close
2017-06-26,29.744309730529785,Moving Avg Adj Close
2017-06-27,29.756410751342774,Moving Avg Adj Close
2017-06-28,29.778729705810548,Moving Avg Adj Close
2017-06-29,29.80425178527832,Moving Avg Adj Close
2017-06-30,29.82558937072754,Moving Avg Adj Close
2017-07-03,29.864369316101076,Moving Avg Adj Close
2017-07-05,29.890445442199706,Moving Avg Adj Close
2017-07-06,29.912645950317383,Moving Avg Adj Close
2017-07-07,29.929262580871583,Moving Avg Adj Close
2017-07-10,29.947502212524412,Moving Avg Adj Close
2017-07-11,29.967707252502443,Moving Avg Adj Close
2017-07-12,29.997377662658693,Moving Avg Adj Close
2017-07-13,30.050908088684082,Moving Avg Adj Close
2017-07-14,30.108207321166994,Moving Avg Adj Close
2017-07-17,30.17180992126465,Moving Avg Adj Close
2017-07-18,30.225451622009277,Moving Avg Adj Close
2017-07-19,30.276302223205565,Moving Avg Adj Close
2017-07-20,30.321018676757813,Moving Avg Adj Close
2017-07-21,30.36024612426758,Moving Avg Adj Close
2017-07-24,30.39715087890625,Moving Avg Adj Close
2017-07-25,30.438204956054687,Moving Avg Adj Close
2017-07-26,30.47664493560791,Moving Avg Adj Close
2017-07-27,30.527741851806642,Moving Avg Adj Close
2017-07-28,30.59332443237305,Moving Avg Adj Close
2017-07-31,30.66174674987793,Moving Avg Adj Close
2017-08-01,30.704217071533204,Moving Avg Adj Close
2017-08-02,30.744250144958496,Moving Avg Adj Close
2017-08-03,30.77815097808838,Moving Avg Adj Close
2017-08-04,30.821245613098146,Moving Avg Adj Close
2017-08-07,30.875366249084472,Moving Avg Adj Close
2017-08-08,30.9228572845459,Moving Avg Adj Close
2017-08-09,30.960356216430664,Moving Avg Adj Close
2017-08-10,30.983783073425293,Moving Avg Adj Close
2017-08-11,30.99934825897217,Moving Avg Adj Close
2017-08-14,31.02411476135254,Moving Avg Adj Close
2017-08-15,31.049944610595702,Moving Avg Adj Close
2017-08-16,31.08001365661621,Moving Avg Adj Close
2017-08-17,31.091687469482423,Moving Avg Adj Close
2017-08-18,31.104422721862793,Moving Avg Adj Close
2017-08-21,31.114504623413087,Moving Avg Adj Close
2017-08-22,31.125470924377442,Moving Avg Adj Close
2017-08-23,31.14280487060547,Moving Avg Adj Close
2017-08-24,31.158900680541993,Moving Avg Adj Close
2017-08-25,31.176588287353514,Moving Avg Adj Close
2017-08-28,31.198167037963866,Moving Avg Adj Close
2017-08-29,31.21886169433594,Moving Avg Adj Close
2017-08-30,31.243978118896486,Moving Avg Adj Close
2017-08-31,31.286605453491212,Moving Avg Adj Close
2017-09-01,31.342675399780273,Moving Avg Adj Close
2017-09-05,31.396268997192383,Moving Avg Adj Close
2017-09-06,31.458855934143067,Moving Avg Adj Close
2017-09-07,31.520066261291504,Moving Avg Adj Close
2017-09-08,31.576356887817383,Moving Avg Adj Close
2017-09-11,31.634013023376465,Moving Avg Adj Close
2017-09-12,31.700179252624512,Moving Avg Adj Close
2017-09-13,31.760802154541015,Moving Avg Adj Close
2017-09-14,31.84180046081543,Moving Avg Adj Close
2017-09-15,31.926899642944335,Moving Avg Adj Close
2017-09-18,32.005525512695314,Moving Avg Adj Close
2017-09-19,32.08171527862549,Moving Avg Adj Close
2017-09-20,32.157439918518065,Moving Avg Adj Close
2017-09-21,32.235367431640626,Moving Avg Adj Close
2017-09-22,32.312703704833986,Moving Avg Adj Close
2017-09-25,32.397259368896485,Moving Avg Adj Close
2017-09-26,32.480561904907226,Moving Avg Adj Close
2017-09-27,32.56875701904297,Moving Avg Adj Close
2017-09-28,32.65624458312988,Moving Avg Adj Close
2017-09-29,32.74118309020996,Moving Avg Adj Close
2017-10-02,32.8640877532959,Moving Avg Adj Close
2017-10-03,33.014881973266604,Moving Avg Adj Close
2017-10-04,33.17605541229248,Moving Avg Adj Close
2017-10-05,33.337607879638675,Moving Avg Adj Close
2017-10-06,33.5129967880249,Moving Avg Adj Close
2017-10-09,33.69861335754395,Moving Avg Adj Close
2017-10-10,33.87834926605225,Moving Avg Adj Close
2017-10-11,34.084357566833496,Moving Avg Adj Close
2017-10-12,34.278834381103515,Moving Avg Adj Close
2017-10-13,34.492067375183105,Moving Avg Adj Close
2017-10-16,34.6942900466919,Moving Avg Adj Close
2017-10-17,34.882623748779295,Moving Avg Adj Close
2017-10-18,35.07117069244385,Moving Avg Adj Close
2017-10-19,35.26581527709961,Moving Avg Adj Close
2017-10-20,35.47222846984863,Moving Avg Adj Close
2017-10-23,35.669453353881835,Moving Avg Adj Close
2017-10-24,35.881136169433596,Moving Avg Adj Close
2017-10-25,36.06702991485596,Moving Avg Adj Close
2017-10-26,36.25155605316162,Moving Avg Adj Close
2017-10-27,36.438336029052735,Moving Avg Adj Close
2017-10-30,36.60519664764404,Moving Avg Adj Close
2017-10-31,36.763602104187015,Moving Avg Adj Close
2017-11-01,36.91781723022461,Moving Avg Adj Close
2017-11-02,37.05910396575928,Moving Avg Adj Close
2017-11-03,37.1951664352417,Moving Avg Adj Close
2017-11-06,37.32620353698731,Moving Avg Adj Close
2017-11-07,37.45088973999023,Moving Avg Adj Close
2017-11-08,37.582800216674805,Moving Avg Adj Close
2017-11-09,37.70940452575684,Moving Avg Adj Close
2017-11-10,37.83320220947266,Moving Avg Adj Close
2017-11-13,37.95892356872559,Moving Avg Adj Close
2017-11-14,38.07665481567383,Moving Avg Adj Close
2017-11-15,38.17720527648926,Moving Avg Adj Close
2017-11-16,38.29797393798828,Moving Avg Adj Close
2017-11-17,38.42217262268066,Moving Avg Adj Close
2017-11-20,38.55810531616211,Moving Avg Adj Close
2017-11-21,38.68591445922851,Moving Avg Adj Close
2017-11-22,38.79567153930664,Moving Avg Adj Close
2017-11-24,38.898027114868164,Moving Avg Adj Close
2017-11-27,38.99352287292481,Moving Avg Adj Close
2017-11-28,39.107792892456054,Moving Avg Adj Close
2017-11-29,39.200039291381835,Moving Avg Adj Close
2017-11-30,39.27603874206543,Moving Avg Adj Close
2017-12-01,39.34265090942383,Moving Avg Adj Close
2017-12-04,39.408180236816406,Moving Avg Adj Close
2017-12-05,39.453310546875,Moving Avg Adj Close
2017-12-06,39.487429275512696,Moving Avg Adj Close
2017-12-07,39.52032516479492,Moving Avg Adj Close
2017-12-08,39.55322105407715,Moving Avg Adj Close
2017-12-11,39.583351669311526,Moving Avg Adj Close
2017-12-12,39.578979568481444,Moving Avg Adj Close
2017-12-13,39.548771667480466,Moving Avg Adj Close
2017-12-14,39.50185890197754,Moving Avg Adj Close
2017-12-15,39.45623306274414,Moving Avg Adj Close
2017-12-18,39.4129704284668,Moving Avg Adj Close
2017-12-19,39.36868041992187,Moving Avg Adj Close
2017-12-20,39.327103271484376,Moving Avg Adj Close
2017-12-21,39.27427459716797,Moving Avg Adj Close
2017-12-22,39.22936592102051,Moving Avg Adj Close
2017-12-26,39.16257797241211,Moving Avg Adj Close
2017-12-27,39.08903038024902,Moving Avg Adj Close
2017-12-28,39.0301163482666,Moving Avg Adj Close
2017-12-29,38.96229286193848,Moving Avg Adj Close
2018-01-02,38.905072631835935,Moving Avg Adj Close
2018-01-03,38.86173942565918,Moving Avg Adj Close
2018-01-04,38.850755767822264,Moving Avg Adj Close
2018-01-05,38.813394699096676,Moving Avg Adj Close
2018-01-08,38.8044100189209,Moving Avg Adj Close
2018-01-09,38.78998161315918,Moving Avg Adj Close
2018-01-10,38.767438049316404,Moving Avg Adj Close
2018-01-11,38.78949813842773,Moving Avg Adj Close
2018-01-12,38.81641250610352,Moving Avg Adj Close
2018-01-16,38.84280502319336,Moving Avg Adj Close
2018-01-17,38.875850677490234,Moving Avg Adj Close
2018-01-18,38.91049301147461,Moving Avg Adj Close
2018-01-19,38.9358122253418,Moving Avg Adj Close
2018-01-22,38.971624526977536,Moving Avg Adj Close
2018-01-23,39.00167495727539,Moving Avg Adj Close
2018-01-24,39.045934219360355,Moving Avg Adj Close
2018-01-25,39.06204849243164,Moving Avg Adj Close
2018-01-26,39.06774673461914,Moving Avg Adj Close
2018-01-29,39.07517280578613,Moving Avg Adj Close
2018-01-30,39.07929695129395,Moving Avg Adj Close
2018-01-31,39.064779891967774,Moving Avg Adj Close
2018-02-01,39.045572433471676,Moving Avg Adj Close
2018-02-02,38.98226348876953,Moving Avg Adj Close
2018-02-05,38.890734100341795,Moving Avg Adj Close
2018-02-06,38.85374198913574,Moving Avg Adj Close
2018-02-07,38.82333564758301,Moving Avg Adj Close
2018-02-08,38.76828964233398,Moving Avg Adj Close
2018-02-09,38.71263816833496,Moving Avg Adj Close
2018-02-12,38.68686149597168,Moving Avg Adj Close
2018-02-13,38.66315238952637,Moving Avg Adj Close
2018-02-14,38.652327880859374,Moving Avg Adj Close
2018-02-15,38.6375382232666,Moving Avg Adj Close
2018-02-16,38.6134171295166,Moving Avg Adj Close
2018-02-20,38.595200805664064,Moving Avg Adj Close
2018-02-21,38.56860504150391,Moving Avg Adj Close
2018-02-22,38.54838478088379,Moving Avg Adj Close
2018-02-23,38.534540252685545,Moving Avg Adj Close
2018-02-26,38.534722595214845,Moving Avg Adj Close
2018-02-27,38.51231651306152,Moving Avg Adj Close
2018-02-28,38.48572059631348,Moving Avg Adj Close
2018-03-01,38.42815673828125,Moving Avg Adj Close
2018-03-02,38.3421753692627,Moving Avg Adj Close
2018-03-05,38.255647583007814,Moving Avg Adj Close
2018-03-06,38.172034378051755,Moving Avg Adj Close
2018-03-07,38.091518020629884,Moving Avg Adj Close
2018-03-08,38.022384796142575,Moving Avg Adj Close
2018-03-09,37.957259063720706,Moving Avg Adj Close
2018-03-12,37.90087547302246,Moving Avg Adj Close
2018-03-13,37.84652885437012,Moving Avg Adj Close
2018-03-14,37.79339805603027,Moving Avg Adj Close
2018-03-15,37.72845642089844,Moving Avg Adj Close
2018-03-16,37.646590118408206,Moving Avg Adj Close
2018-03-19,37.523564682006835,Moving Avg Adj Close
2018-03-20,37.40069938659668,Moving Avg Adj Close
2018-03-21,37.28670570373535,Moving Avg Adj Close
2018-03-22,37.15317489624024,Moving Avg Adj Close
2018-03-23,37.01705711364746,Moving Avg Adj Close
2018-03-26,36.87435119628906,Moving Avg Adj Close
2018-03-27,36.71322151184082,Moving Avg Adj Close
2018-03-28,36.56094680786133,Moving Avg Adj Close
2018-03-29,36.42759620666504,Moving Avg Adj Close
2018-04-02,36.28666938781738,Moving Avg Adj Close
2018-04-03,36.18039009094238,Moving Avg Adj Close
2018-04-04,36.091618347167966,Moving Avg Adj Close
2018-04-05,36.0006551361084,Moving Avg Adj Close
2018-04-06,35.88959457397461,Moving Avg Adj Close
2018-04-09,35.79951080322266,Moving Avg Adj Close
2018-04-10,35.72623344421387,Moving Avg Adj Close
2018-04-11,35.660229721069335,Moving Avg Adj Close
2018-04-12,35.5969270324707,Moving Avg Adj Close
2018-04-13,35.537066802978515,Moving Avg Adj Close
2018-04-16,35.48493904113769,Moving Avg Adj Close
2018-04-17,35.459780883789065,Moving Avg Adj Close
2018-04-18,35.45588180541992,Moving Avg Adj Close
2018-04-19,35.38837509155273,Moving Avg Adj Close
2018-04-20,35.30826950073242,Moving Avg Adj Close
2018-04-23,35.25951072692871,Moving Avg Adj Close
2018-04-24,35.20223487854004,Moving Avg Adj Close
2018-04-25,35.13843444824219,Moving Avg Adj Close
2018-04-26,35.08814010620117,Moving Avg Adj Close
2018-04-27,35.0193359375,Moving Avg Adj Close
2018-04-30,34.93305778503418,Moving Avg Adj Close
2018-05-01,34.85473556518555,Moving Avg Adj Close
2018-05-02,34.77819404602051,Moving Avg Adj Close
2018-05-03,34.70455787658691,Moving Avg Adj Close
2018-05-04,34.63485092163086,Moving Avg Adj Close
2018-05-07,34.558335571289064,Moving Avg Adj Close
2018-05-08,34.47015960693359,Moving Avg Adj Close
2018-05-09,34.40583610534668,Moving Avg Adj Close
2018-05-10,34.37282752990723,Moving Avg Adj Close
2018-05-11,34.363267974853514,Moving Avg Adj Close
2018-05-14,34.35548194885254,Moving Avg Adj Close
2018-05-15,34.34775321960449,Moving Avg Adj Close
2018-05-16,34.356621170043944,Moving Avg Adj Close
2018-05-17,34.37391876220703,Moving Avg Adj Close
2018-05-18,34.37299865722656,Moving Avg Adj Close
2018-05-21,34.377599258422855,Moving Avg Adj Close
2018-05-22,34.385879821777344,Moving Avg Adj Close
2018-05-23,34.38293571472168,Moving Avg Adj Close
2018-05-24,34.3958169555664,Moving Avg Adj Close
2018-05-25,34.40409767150879,Moving Avg Adj Close
2018-05-29,34.393792953491214,Moving Avg Adj Close
2018-05-30,34.408882522583006,Moving Avg Adj Close
2018-05-31,34.51579597473145,Moving Avg Adj Close
2018-06-01,34.619213256835934,Moving Avg Adj Close
2018-06-04,34.755937576293945,Moving Avg Adj Close
2018-06-05,34.90756721496582,Moving Avg Adj Close
2018-06-06,35.05367630004883,Moving Avg Adj Close
2018-06-07,35.228933792114255,Moving Avg Adj Close
2018-06-08,35.397605361938474,Moving Avg Adj Close
2018-06-11,35.5614047241211,Moving Avg Adj Close
2018-06-12,35.72344047546387,Moving Avg Adj Close
2018-06-13,35.868774032592775,Moving Avg Adj Close
2018-06-14,35.97771499633789,Moving Avg Adj Close
2018-06-15,36.09351921081543,Moving Avg Adj Close
2018-06-18,36.2159545135498,Moving Avg Adj Close
2018-06-19,36.30425918579102,Moving Avg Adj Close
2018-06-20,36.36399169921875,Moving Avg Adj Close
2018-06-21,36.409605712890624,Moving Avg Adj Close
2018-06-22,36.46076103210449,Moving Avg Adj Close
2018-06-25,36.501876754760744,Moving Avg Adj Close
2018-06-26,36.54232063293457,Moving Avg Adj Close
2018-06-27,36.56996444702148,Moving Avg Adj Close
2018-06-28,36.605729293823245,Moving Avg Adj Close
2018-06-29,36.642050399780274,Moving Avg Adj Close
2018-07-02,36.68317184448242,Moving Avg Adj Close
2018-07-03,36.71298332214356,Moving Avg Adj Close
2018-07-05,36.74765937805176,Moving Avg Adj Close
2018-07-06,36.773268661499024,Moving Avg Adj Close
2018-07-09,36.80725364685058,Moving Avg Adj Close
2018-07-10,36.85859077453613,Moving Avg Adj Close
2018-07-11,36.91200904846191,Moving Avg Adj Close
2018-07-12,36.97075912475586,Moving Avg Adj Close
2018-07-13,37.03522804260254,Moving Avg Adj Close
2018-07-16,37.104329681396486,Moving Avg Adj Close
2018-07-17,37.17185066223144,Moving Avg Adj Close
2018-07-18,37.24321014404297,Moving Avg Adj Close
2018-07-19,37.30435897827149,Moving Avg Adj Close
2018-07-20,37.36828254699707,Moving Avg Adj Close
2018-07-23,37.41341537475586,Moving Avg Adj Close
2018-07-24,37.467414703369144,Moving Avg Adj Close
2018-07-25,37.49222969055176,Moving Avg Adj Close
2018-07-26,37.49463409423828,Moving Avg Adj Close
2018-07-27,37.49145927429199,Moving Avg Adj Close
2018-07-30,37.485914611816405,Moving Avg Adj Close
2018-07-31,37.494209899902344,Moving Avg Adj Close
2018-08-01,37.48269149780273,Moving Avg Adj Close
2018-08-02,37.458024673461914,Moving Avg Adj Close
2018-08-03,37.46187454223633,Moving Avg Adj Close
2018-08-06,37.45337448120117,Moving Avg Adj Close
2018-08-07,37.446159286499025,Moving Avg Adj Close
2018-08-08,37.45735847473144,Moving Avg Adj Close
2018-08-09,37.4574925994873,Moving Avg Adj Close
2018-08-10,37.350933685302735,Moving Avg Adj Close
2018-08-13,37.227192077636715,Moving Avg Adj Close
2018-08-14,37.09351997375488,Moving Avg Adj Close
2018-08-15,36.961830368041994,Moving Avg Adj Close
2018-08-16,36.82706871032715,Moving Avg Adj Close
2018-08-17,36.685439071655274,Moving Avg Adj Close
2018-08-20,36.54659362792969,Moving Avg Adj Close
2018-08-21,36.399209594726564,Moving Avg Adj Close
2018-08-22,36.24978370666504,Moving Avg Adj Close
2018-08-23,36.08680740356445,Moving Avg Adj Close
2018-08-24,35.94536331176758,Moving Avg Adj Close
2018-08-27,35.8299063873291,Moving Avg Adj Close
2018-08-28,35.70683876037597,Moving Avg Adj Close
2018-08-29,35.6114289855957,Moving Avg Adj Close
2018-08-30,35.50766616821289,Moving Avg Adj Close
2018-08-31,35.41355560302734,Moving Avg Adj Close
2018-09-04,35.30867904663086,Moving Avg Adj Close
2018-09-05,35.20992805480957,Moving Avg Adj Close
2018-09-06,35.09380714416504,Moving Avg Adj Close
2018-09-07,34.98074687957764,Moving Avg Adj Close
2018-09-10,34.86415168762207,Moving Avg Adj Close
2018-09-11,34.76646961212158,Moving Avg Adj Close
2018-09-12,34.672373046875,Moving Avg Adj Close
2018-09-13,34.591679611206054,Moving Avg Adj Close
2018-09-14,34.50883560180664,Moving Avg Adj Close
2018-09-17,34.439064025878906,Moving Avg Adj Close
2018-09-18,34.359841690063476,Moving Avg Adj Close
2018-09-19,34.2861296081543,Moving Avg Adj Close
2018-09-20,34.233649520874025,Moving Avg Adj Close
2018-09-21,34.16746528625488,Moving Avg Adj Close
2018-09-24,34.08891479492188,Moving Avg Adj Close
2018-09-25,33.98413459777832,Moving Avg Adj Close
2018-09-26,33.87400798797607,Moving Avg Adj Close
2018-09-27,33.76572528839111,Moving Avg Adj Close
2018-09-28,33.6678373336792,Moving Avg Adj Close
2018-10-01,33.57822383880615,Moving Avg Adj Close
2018-10-02,33.47413570404053,Moving Avg Adj Close
2018-10-03,33.3792845916748,Moving Avg Adj Close
2018-10-04,33.32309326171875,Moving Avg Adj Close
2018-10-05,33.28116874694824,Moving Avg Adj Close
2018-10-08,33.227204971313476,Moving Avg Adj Close
2018-10-09,33.14061977386475,Moving Avg Adj Close
2018-10-10,33.04864128112793,Moving Avg Adj Close
2018-10-11,32.965514183044434,Moving Avg Adj Close
2018-10-12,32.88228199005127,Moving Avg Adj Close
2018-10-15,32.7846378326416,Moving Avg Adj Close
2018-10-16,32.693534965515134,Moving Avg Adj Close
2018-10-17,32.59511001586914,Moving Avg Adj Close
2018-10-18,32.47925048828125,Moving Avg Adj Close
2018-10-19,32.368426933288575,Moving Avg Adj Close
2018-10-22,32.277307662963864,Moving Avg Adj Close
2018-10-23,32.20880619049072,Moving Avg Adj Close
2018-10-24,32.11028999328613,Moving Avg Adj Close
2018-10-25,32.043620567321774,Moving Avg Adj Close
2018-10-26,31.98265121459961,Moving Avg Adj Close
2018-10-29,31.92901798248291,Moving Avg Adj Close
2018-10-30,31.875838890075684,Moving Avg Adj Close
2018-10-31,31.877291984558106,Moving Avg Adj Close
2018-11-01,31.890972023010253,Moving Avg Adj Close
2018-11-02,31.904934425354003,Moving Avg Adj Close
2018-11-05,31.9178275680542,Moving Avg Adj Close
2018-11-06,31.902362785339356,Moving Avg Adj Close
2018-11-07,31.90164707183838,Moving Avg Adj Close
2018-11-08,31.898826866149903,Moving Avg Adj Close
2018-11-09,31.893789024353026,Moving Avg Adj Close
2018-11-12,31.894317893981935,Moving Avg Adj Close
2018-11-13,31.90770336151123,Moving Avg Adj Close
2018-11-14,31.91370792388916,Moving Avg Adj Close
2018-11-15,31.935662117004394,Moving Avg Adj Close
2018-11-16,31.970188369750975,Moving Avg Adj Close
2018-11-19,32.0041516494751,Moving Avg Adj Close
2018-11-20,32.028920364379886,Moving Avg Adj Close
2018-11-21,32.05687915802002,Moving Avg Adj Close
2018-11-23,32.08840328216553,Moving Avg Adj Close
2018-11-26,32.145071296691896,Moving Avg Adj Close
2018-11-27,32.17640758514404,Moving Avg Adj Close
2018-11-28,32.211121559143066,Moving Avg Adj Close
2018-11-29,32.2304487991333,Moving Avg Adj Close
2018-11-30,32.265537910461425,Moving Avg Adj Close
2018-12-03,32.32427005767822,Moving Avg Adj Close
2018-12-04,32.35748287200928,Moving Avg Adj Close
2018-12-06,32.40486972808838,Moving Avg Adj Close
2018-12-07,32.429727706909176,Moving Avg Adj Close
2018-12-10,32.45059196472168,Moving Avg Adj Close
2018-12-11,32.47657592773437,Moving Avg Adj Close
2018-12-12,32.51138671875,Moving Avg Adj Close
2018-12-13,32.55227722167969,Moving Avg Adj Close
2018-12-14,32.57984310150147,Moving Avg Adj Close
2018-12-17,32.594374885559084,Moving Avg Adj Close
2018-12-18,32.615896720886234,Moving Avg Adj Close
2018-12-19,32.635548210144044,Moving Avg Adj Close
2018-12-20,32.67270774841309,Moving Avg Adj Close
2018-12-21,32.68634506225586,Moving Avg Adj Close
2018-12-24,32.69385738372803,Moving Avg Adj Close
2018-12-26,32.73293300628662,Moving Avg Adj Close
2018-12-27,32.774159622192386,Moving Avg Adj Close
2018-12-28,32.81049953460693,Moving Avg Adj Close
2018-12-31,32.84562084197998,Moving Avg Adj Close
2019-01-02,32.90029453277588,Moving Avg Adj Close
2019-01-03,32.92635997772217,Moving Avg Adj Close
2019-01-04,32.970276832580566,Moving Avg Adj Close
2019-01-07,33.01908805847168,Moving Avg Adj Close
2019-01-08,33.10570430755615,Moving Avg Adj Close
2019-01-09,33.17231567382812,Moving Avg Adj Close
2019-01-10,33.21819751739502,Moving Avg Adj Close
2019-01-11,33.30152839660644,Moving Avg Adj Close
2019-01-14,33.386267471313474,Moving Avg Adj Close
2019-01-15,33.41168991088867,Moving Avg Adj Close
2019-01-16,33.441639251708985,Moving Avg Adj Close
2019-01-17,33.491032180786135,Moving Avg Adj Close
2019-01-18,33.54293357849121,Moving Avg Adj Close
2019-01-22,33.58217224121094,Moving Avg Adj Close
2019-01-23,33.60442832946777,Moving Avg Adj Close
2019-01-24,33.64179252624512,Moving Avg Adj Close
2019-01-25,33.70458312988281,Moving Avg Adj Close
2019-01-28,33.76414833068848,Moving Avg Adj Close
2019-01-29,33.81939956665039,Moving Avg Adj Close
2019-01-30,33.899542236328124,Moving Avg Adj Close
2019-01-31,33.972352828979496,Moving Avg Adj Close
2019-02-01,34.03685974121094,Moving Avg Adj Close
2019-02-04,34.10552459716797,Moving Avg Adj Close
2019-02-05,34.19227615356445,Moving Avg Adj Close
2019-02-06,34.28196243286133,Moving Avg Adj Close
2019-02-07,34.340626831054685,Moving Avg Adj Close
2019-02-08,34.36796478271484,Moving Avg Adj Close
2019-02-11,34.41198921203613,Moving Avg Adj Close
2019-02-12,34.45871932983398,Moving Avg Adj Close
2019-02-13,34.50844596862793,Moving Avg Adj Close
2019-02-14,34.5337574005127,Moving Avg Adj Close
2019-02-15,34.5534790802002,Moving Avg Adj Close
2019-02-19,34.6177587890625,Moving Avg Adj Close
2019-02-20,34.69834533691406,Moving Avg Adj Close
2019-02-21,34.79182586669922,Moving Avg Adj Close
2019-02-22,34.89744186401367,Moving Avg Adj Close
2019-02-25,35.00078239440918,Moving Avg Adj Close
2019-02-26,35.084782104492184,Moving Avg Adj Close
2019-02-27,35.177504272460936,Moving Avg Adj Close
2019-02-28,35.26055595397949,Moving Avg Adj Close
2019-03-01,35.35289878845215,Moving Avg Adj Close
2019-03-04,35.43538162231445,Moving Avg Adj Close
2019-03-05,35.51786437988281,Moving Avg Adj Close
2019-03-06,35.60129524230957,Moving Avg Adj Close
2019-03-07,35.704399223327634,Moving Avg Adj Close
2019-03-08,35.81811229705811,Moving Avg Adj Close
2019-03-11,35.92208385467529,Moving Avg Adj Close
2019-03-12,36.01771228790283,Moving Avg Adj Close
2019-03-13,36.117546043396,Moving Avg Adj Close
2019-03-14,36.21154647827149,Moving Avg Adj Close
2019-03-15,36.30271018981934,Moving Avg Adj Close
2019-03-18,36.41850704193115,Moving Avg Adj Close
2019-03-19,36.51937889099121,Moving Avg Adj Close
2019-03-20,36.57640007019043,Moving Avg Adj Close
2019-03-21,36.63159080505371,Moving Avg Adj Close
2019-03-22,36.6623397064209,Moving Avg Adj Close
2019-03-25,36.70755760192871,Moving Avg Adj Close
2019-03-26,36.70861770629883,Moving Avg Adj Close
2019-03-27,36.69559730529785,Moving Avg Adj Close
2019-03-28,36.69328010559082,Moving Avg Adj Close
2019-03-29,36.689453506469725,Moving Avg Adj Close
2019-04-01,36.68707847595215,Moving Avg Adj Close
2019-04-02,36.6790242767334,Moving Avg Adj Close
2019-04-03,36.690799179077146,Moving Avg Adj Close
2019-04-04,36.71933563232422,Moving Avg Adj Close
2019-04-05,36.741453323364254,Moving Avg Adj Close
2019-04-08,36.756767578125,Moving Avg Adj Close
2019-04-09,36.771664962768554,Moving Avg Adj Close
2019-04-10,36.79384101867676,Moving Avg Adj Close
2019-04-11,36.80579277038574,Moving Avg Adj Close
2019-04-12,36.82634880065918,Moving Avg Adj Close
2019-04-15,36.84877479553223,Moving Avg Adj Close
2019-04-16,36.870079879760745,Moving Avg Adj Close
2019-04-17,36.89068862915039,Moving Avg Adj Close
2019-04-18,36.90566734313965,Moving Avg Adj Close
2019-04-22,36.929217681884765,Moving Avg Adj Close
2019-04-23,36.95813957214355,Moving Avg Adj Close
2019-04-24,36.986282119750975,Moving Avg Adj Close
2019-04-25,36.99515884399414,Moving Avg Adj Close
2019-04-26,37.015519790649414,Moving Avg Adj Close
2019-04-29,37.04428565979004,Moving Avg Adj Close
2019-04-30,37.048960571289065,Moving Avg Adj Close
2019-05-01,37.04146240234375,Moving Avg Adj Close
2019-05-02,37.01642562866211,Moving Avg Adj Close
2019-05-03,37.00817840576172,Moving Avg Adj Close
2019-05-06,36.97931915283203,Moving Avg Adj Close
2019-05-07,36.95604156494141,Moving Avg Adj Close
2019-05-08,36.92720489501953,Moving Avg Adj Close
2019-05-09,36.88838966369629,Moving Avg Adj Close
2019-05-10,36.86537094116211,Moving Avg Adj Close
2019-05-13,36.81593490600586,Moving Avg Adj Close
2019-05-14,36.78100006103516,Moving Avg Adj Close
2019-05-15,36.75181564331055,Moving Avg Adj Close
2019-05-16,36.73438941955566,Moving Avg Adj Close
2019-05-17,36.71447364807129,Moving Avg Adj Close
2019-05-20,36.69494094848633,Moving Avg Adj Close
2019-05-21,36.66640777587891,Moving Avg Adj Close
2019-05-22,36.6076180267334,Moving Avg Adj Close
2019-05-23,36.53733856201172,Moving Avg Adj Close
2019-05-24,36.481612854003906,Moving Avg Adj Close
2019-05-28,36.41995063781738,Moving Avg Adj Close
2019-05-29,36.35886291503906,Moving Avg Adj Close
2019-05-30,36.2927963256836,Moving Avg Adj Close
2019-05-31,36.222708244323734,Moving Avg Adj Close
2019-06-03,36.152811698913574,Moving Avg Adj Close
2019-06-04,36.139215278625485,Moving Avg Adj Close
2019-06-05,36.12178913116455,Moving Avg Adj Close
2019-06-06,36.09683902740478,Moving Avg Adj Close
2019-06-07,36.08267436981201,Moving Avg Adj Close
2019-06-10,36.06995677947998,Moving Avg Adj Close
2019-06-11,36.06015079498291,Moving Avg Adj Close
2019-06-12,36.02744777679443,Moving Avg Adj Close
2019-06-13,36.000561485290525,Moving Avg Adj Close
2019-06-14,35.955600624084475,Moving Avg Adj Close
2019-06-17,35.91227016448975,Moving Avg Adj Close
2019-06-18,35.876906089782715,Moving Avg Adj Close
2019-06-19,35.840792427062986,Moving Avg Adj Close
2019-06-20,35.8119926071167,Moving Avg Adj Close
2019-06-21,35.774950141906736,Moving Avg Adj Close
2019-06-24,35.737150001525876,Moving Avg Adj Close
2019-06-25,35.706008491516116,Moving Avg Adj Close
2019-06-26,35.686257667541504,Moving Avg Adj Close
2019-06-27,35.668460807800294,Moving Avg Adj Close
2019-06-28,35.64840900421142,Moving Avg Adj Close
2019-07-01,35.62667896270752,Moving Avg Adj Close
2019-07-02,35.61233318328858,Moving Avg Adj Close
2019-07-03,35.5881840133667,Moving Avg Adj Close
2019-07-05,35.57272212982178,Moving Avg Adj Close
2019-07-08,35.56371570587158,Moving Avg Adj Close
2019-07-09,35.540890541076664,Moving Avg Adj Close
2019-07-10,35.5121333694458,Moving Avg Adj Close
2019-07-11,35.510061759948734,Moving Avg Adj Close
2019-07-12,35.526917152404785,Moving Avg Adj Close
2019-07-15,35.55625064849853,Moving Avg Adj Close
2019-07-16,35.576406745910646,Moving Avg Adj Close
2019-07-17,35.60493320465088,Moving Avg Adj Close
2019-07-18,35.62425952911377,Moving Avg Adj Close
2019-07-19,35.65668163299561,Moving Avg Adj Close
2019-07-22,35.70852283477783,Moving Avg Adj Close
2019-07-23,35.7708793258667,Moving Avg Adj Close
2019-07-24,35.861995429992675,Moving Avg Adj Close
2019-07-25,35.941403465270994,Moving Avg Adj Close
2019-07-26,36.01487926483154,Moving Avg Adj Close
2019-07-29,36.08642154693604,Moving Avg Adj Close
2019-07-30,36.16040195465088,Moving Avg Adj Close
2019-07-31,36.2332148361206,Moving Avg Adj Close
2019-08-01,36.29928638458252,Moving Avg Adj Close
2019-08-02,36.38845317840576,Moving Avg Adj Close
2019-08-05,36.47075946807861,Moving Avg Adj Close
2019-08-06,36.55461231231689,Moving Avg Adj Close
2019-08-07,36.649635581970216,Moving Avg Adj Close
2019-08-08,36.75954982757568,Moving Avg Adj Close
2019-08-09,36.8594055557251,Moving Avg Adj Close
2019-08-12,36.97308685302735,Moving Avg Adj Close
2019-08-13,37.08277732849121,Moving Avg Adj Close
2019-08-14,37.11836791992187,Moving Avg Adj Close
2019-08-15,37.13791641235352,Moving Avg Adj Close
2019-08-16,37.17294891357422,Moving Avg Adj Close
2019-08-19,37.20914276123047,Moving Avg Adj Close
2019-08-20,37.227530059814455,Moving Avg Adj Close
2019-08-21,37.24533645629883,Moving Avg Adj Close
2019-08-22,37.27611083984375,Moving Avg Adj Close
2019-08-23,37.27688507080078,Moving Avg Adj Close
2019-08-26,37.28830451965332,Moving Avg Adj Close
2019-08-27,37.28346580505371,Moving Avg Adj Close
2019-08-28,37.27843353271484,Moving Avg Adj Close
2019-08-29,37.280949630737304,Moving Avg Adj Close
2019-08-30,37.283465728759765,Moving Avg Adj Close
2019-09-03,37.28327224731445,Moving Avg Adj Close
2019-09-04,37.30804656982422,Moving Avg Adj Close
2019-09-05,37.33589324951172,Moving Avg Adj Close
2019-09-06,37.3560075378418,Moving Avg Adj Close
2019-09-09,37.38808380126953,Moving Avg Adj Close
2019-09-10,37.41609558105469,Moving Avg Adj Close
2019-09-11,37.437503280639646,Moving Avg Adj Close
2019-09-12,37.45922233581543,Moving Avg Adj Close
2019-09-13,37.4803199005127,Moving Avg Adj Close
2019-09-16,37.4625804901123,Moving Avg Adj Close
2019-09-17,37.47118019104004,Moving Avg Adj Close
2019-09-18,37.480532760620115,Moving Avg Adj Close
2019-09-19,37.48167839050293,Moving Avg Adj Close
2019-09-20,37.46842185974121,Moving Avg Adj Close
2019-09-23,37.437527084350585,Moving Avg Adj Close
2019-09-24,37.394540786743164,Moving Avg Adj Close
2019-09-25,37.35684638977051,Moving Avg Adj Close
2019-09-26,37.33415252685547,Moving Avg Adj Close
2019-09-27,37.30851852416992,Moving Avg Adj Close
2019-09-30,37.27708961486817,Moving Avg Adj Close
2019-10-01,37.2115234375,Moving Avg Adj Close
2019-10-02,37.10155014038086,Moving Avg Adj Close
2019-10-03,36.994151229858396,Moving Avg Adj Close
2019-10-04,36.887900009155274,Moving Avg Adj Close
2019-10-07,36.77813385009765,Moving Avg Adj Close
2019-10-08,36.65310180664063,Moving Avg Adj Close
2019-10-09,36.537991256713866,Moving Avg Adj Close
2019-10-10,36.43478828430176,Moving Avg Adj Close
2019-10-11,36.35305252075195,Moving Avg Adj Close
2019-10-14,36.27710968017578,Moving Avg Adj Close
2019-10-15,36.23092765808106,Moving Avg Adj Close
2019-10-16,36.19101486206055,Moving Avg Adj Close
2019-10-17,36.13610939025879,Moving Avg Adj Close
2019-10-18,36.06707092285156,Moving Avg Adj Close
2019-10-21,36.00282463073731,Moving Avg Adj Close
2019-10-22,35.96052314758301,Moving Avg Adj Close
2019-10-23,35.92118347167969,Moving Avg Adj Close
2019-10-24,35.90162574768066,Moving Avg Adj Close
2019-10-25,35.91398887634277,Moving Avg Adj Close
2019-10-28,35.9141389465332,Moving Avg Adj Close
2019-10-29,35.93801338195801,Moving Avg Adj Close
2019-10-30,35.96376510620117,Moving Avg Adj Close
2019-10-31,35.97175827026367,Moving Avg Adj Close
2019-11-01,35.992876510620114,Moving Avg Adj Close
2019-11-04,36.04543144226074,Moving Avg Adj Close
2019-11-05,36.09118103027344,Moving Avg Adj Close
2019-11-06,36.147612762451175,Moving Avg Adj Close
2019-11-07,36.19476768493652,Moving Avg Adj Close
2019-11-08,36.23634460449219,Moving Avg Adj Close
2019-11-11,36.275415115356445,Moving Avg Adj Close
2019-11-12,36.31542808532715,Moving Avg Adj Close
2019-11-13,36.30233009338379,Moving Avg Adj Close
2019-11-14,36.26460006713867,Moving Avg Adj Close
2019-11-15,36.22765197753906,Moving Avg Adj Close
2019-11-18,36.16978622436523,Moving Avg Adj Close
2019-11-19,36.10722877502442,Moving Avg Adj Close
2019-11-20,36.02551300048828,Moving Avg Adj Close
2019-11-21,35.93949638366699,Moving Avg Adj Close
2019-11-22,35.870487670898434,Moving Avg Adj Close
2019-11-25,35.843118820190426,Moving Avg Adj Close
2019-11-26,35.79659164428711,Moving Avg Adj Close
2019-11-27,35.75671119689942,Moving Avg Adj Close
2019-11-29,35.72191360473633,Moving Avg Adj Close
2019-12-02,35.69278526306152,Moving Avg Adj Close
2019-12-03,35.65935600280762,Moving Avg Adj Close
2019-12-04,35.64039321899414,Moving Avg Adj Close
2019-12-05,35.612610244750975,Moving Avg Adj Close
2019-12-06,35.57959716796875,Moving Avg Adj Close
2019-12-09,35.547137069702146,Moving Avg Adj Close
2019-12-10,35.50816909790039,Moving Avg Adj Close
2019-12-11,35.49855224609375,Moving Avg Adj Close
2019-12-12,35.53388343811035,Moving Avg Adj Close
2019-12-13,35.554458389282225,Moving Avg Adj Close
2019-12-16,35.585490951538084,Moving Avg Adj Close
2019-12-17,35.623603134155275,Moving Avg Adj Close
2019-12-18,35.698482055664066,Moving Avg Adj Close
2019-12-19,35.76729026794433,Moving Avg Adj Close
2019-12-20,35.825735321044924,Moving Avg Adj Close
2019-12-23,35.85690628051758,Moving Avg Adj Close
2019-12-24,35.885691528320315,Moving Avg Adj Close
2019-12-26,35.89764343261719,Moving Avg Adj Close
2019-12-27,35.90355178833008,Moving Avg Adj Close
2019-12-30,35.916081771850585,Moving Avg Adj Close
2019-12-31,35.93216407775879,Moving Avg Adj Close
2020-01-02,35.96835021972656,Moving Avg Adj Close
2020-01-03,35.976163177490236,Moving Avg Adj Close
2020-01-06,35.968627014160155,Moving Avg Adj Close
2020-01-07,35.96290115356445,Moving Avg Adj Close
2020-01-08,35.929310455322266,Moving Avg Adj Close
2020-01-09,35.90617111206055,Moving Avg Adj Close
2020-01-10,35.843843154907226,Moving Avg Adj Close
2020-01-13,35.79390037536621,Moving Avg Adj Close
2020-01-14,35.76197860717773,Moving Avg Adj Close
2020-01-15,35.7142219543457,Moving Avg Adj Close
2020-01-16,35.6661580657959,Moving Avg Adj Close
2020-01-17,35.622210006713864,Moving Avg Adj Close
2020-01-21,35.56249473571777,Moving Avg Adj Close
2020-01-22,35.49983024597168,Moving Avg Adj Close
2020-01-23,35.43305419921875,Moving Avg Adj Close
2020-01-24,35.35403800964355,Moving Avg Adj Close
2020-01-27,35.259780197143556,Moving Avg Adj Close
2020-01-28,35.197435760498045,Moving Avg Adj Close
2020-01-29,35.141925201416015,Moving Avg Adj Close
2020-01-30,35.079320449829105,Moving Avg Adj Close
2020-01-31,35.02317939758301,Moving Avg Adj Close
2020-02-03,34.97825050354004,Moving Avg Adj Close
2020-02-04,34.9676692199707,Moving Avg Adj Close
2020-02-05,34.98205383300781,Moving Avg Adj Close
2020-02-06,34.969704666137694,Moving Avg Adj Close
2020-02-07,34.934140625,Moving Avg Adj Close
2020-02-10,34.90887222290039,Moving Avg Adj Close
2020-02-11,34.894124298095704,Moving Avg Adj Close
2020-02-12,34.89159759521485,Moving Avg Adj Close
2020-02-13,34.8874649810791,Moving Avg Adj Close
2020-02-14,34.87970237731933,Moving Avg Adj Close
2020-02-18,34.85974586486817,Moving Avg Adj Close
2020-02-19,34.85203979492187,Moving Avg Adj Close
2020-02-20,34.84710006713867,Moving Avg Adj Close
2020-02-21,34.832676010131834,Moving Avg Adj Close
2020-02-24,34.79276290893554,Moving Avg Adj Close
2020-02-25,34.7238041305542,Moving Avg Adj Close
2020-02-26,34.64279243469238,Moving Avg Adj Close
2020-02-27,34.54518310546875,Moving Avg Adj Close
2020-02-28,34.43433528900147,Moving Avg Adj Close
2020-03-02,34.337713928222655,Moving Avg Adj Close
2020-03-03,34.20355060577393,Moving Avg Adj Close
2020-03-04,34.090331840515134,Moving Avg Adj Close
2020-03-05,33.95631057739258,Moving Avg Adj Close
2020-03-06,33.80357364654541,Moving Avg Adj Close
2020-03-09,33.574590835571286,Moving Avg Adj Close
2020-03-10,33.39618396759033,Moving Avg Adj Close
2020-03-11,33.19379634857178,Moving Avg Adj Close
2020-03-12,32.934579887390136,Moving Avg Adj Close
2020-03-13,32.70560199737549,Moving Avg Adj Close
2020-03-16,32.387012062072756,Moving Avg Adj Close
2020-03-17,32.07576663970947,Moving Avg Adj Close
2020-03-18,31.703605461120606,Moving Avg Adj Close
2020-03-19,31.36327793121338,Moving Avg Adj Close
2020-03-20,31.04142993927002,Moving Avg Adj Close
2020-03-23,30.700285568237305,Moving Avg Adj Close
2020-03-24,30.437837600708008,Moving Avg Adj Close
2020-03-25,30.17646915435791,Moving Avg Adj Close
2020-03-26,29.93314163208008,Moving Avg Adj Close
2020-03-27,29.66621410369873,Moving Avg Adj Close
2020-03-30,29.39018306732178,Moving Avg Adj Close
2020-03-31,29.102364120483397,Moving Avg Adj Close
2020-04-01,28.796198081970214,Moving Avg Adj Close
2020-04-02,28.470212783813476,Moving Avg Adj Close
2020-04-03,28.141820220947267,Moving Avg Adj Close
2020-04-06,27.854890289306642,Moving Avg Adj Close
2020-04-07,27.620743408203126,Moving Avg Adj Close
2020-04-08,27.418652000427247,Moving Avg Adj Close
2020-04-09,27.235950927734375,Moving Avg Adj Close
2020-04-13,27.03758472442627,Moving Avg Adj Close
2020-04-14,26.837433052062988,Moving Avg Adj Close
2020-04-15,26.60436092376709,Moving Avg Adj Close
2020-04-16,26.34264549255371,Moving Avg Adj Close
2020-04-17,26.100089111328124,Moving Avg Adj Close
2020-04-20,25.8693639755249,Moving Avg Adj Close
2020-04-21,25.62967010498047,Moving Avg Adj Close
2020-04-22,25.378925704956053,Moving Avg Adj Close
2020-04-23,25.117564544677734,Moving Avg Adj Close
2020-04-24,24.855319061279296,Moving Avg Adj Close
2020-04-27,24.60702537536621,Moving Avg Adj Close
2020-04-28,24.363803939819334,Moving Avg Adj Close
2020-04-29,24.159498176574708,Moving Avg Adj Close
2020-04-30,23.915315361022948,Moving Avg Adj Close
2020-05-01,23.63602165222168,Moving Avg Adj Close
2020-05-04,23.366373672485352,Moving Avg Adj Close
2020-05-05,23.137749671936035,Moving Avg Adj Close
2020-05-06,22.948202667236327,Moving Avg Adj Close
2020-05-07,22.764715957641602,Moving Avg Adj Close
2020-05-08,22.636518325805664,Moving Avg Adj Close
2020-05-11,22.48987003326416,Moving Avg Adj Close
2020-05-12,22.320243492126465,Moving Avg Adj Close
2020-05-13,22.146399993896484,Moving Avg Adj Close
2020-05-14,21.969599952697752,Moving Avg Adj Close
2020-05-15,21.820199928283692,Moving Avg Adj Close
2020-05-18,21.742599906921388,Moving Avg Adj Close
2020-05-19,21.742599906921388,Moving Avg Adj Close
2020-05-20,21.709799880981446,Moving Avg Adj Close
2020-05-21,21.705799865722657,Moving Avg Adj Close
2020-05-22,21.764599838256835,Moving Avg Adj Close
2020-05-26,21.81839984893799,Moving Avg Adj Close
2020-05-27,21.954199867248533,Moving Avg Adj Close
2020-05-28,22.081399879455567,Moving Avg Adj Close
2020-05-29,22.262999877929687,Moving Avg Adj Close
2020-06-01,22.447599906921386,Moving Avg Adj Close
2020-06-02,22.63299991607666,Moving Avg Adj Close
2020-06-03,22.86239990234375,Moving Avg Adj Close
2020-06-04,23.02339988708496,Moving Avg Adj Close
2020-06-05,23.20579990386963,Moving Avg Adj Close
2020-06-08,23.3681999206543,Moving Avg Adj Close
2020-06-09,23.537799949645997,Moving Avg Adj Close
2020-06-10,23.68639995574951,Moving Avg Adj Close
2020-06-11,23.800799942016603,Moving Avg Adj Close
2020-06-12,23.97479991912842,Moving Avg Adj Close
2020-06-15,24.16639991760254,Moving Avg Adj Close
2020-06-16,24.3611999130249,Moving Avg Adj Close
2020-06-17,24.513399925231933,Moving Avg Adj Close
2020-06-18,24.62919994354248,Moving Avg Adj Close
2020-06-19,24.698399963378908,Moving Avg Adj Close
2020-06-22,24.744599990844726,Moving Avg Adj Close
2020-06-23,24.80939998626709,Moving Avg Adj Close
2020-06-24,24.855400009155275,Moving Avg Adj Close
2020-06-25,24.926800003051756,Moving Avg Adj Close
2020-06-26,24.998599967956544,Moving Avg Adj Close
2020-06-29,25.054999961853028,Moving Avg Adj Close
2020-06-30,25.113399963378907,Moving Avg Adj Close
2020-07-01,25.187799949645996,Moving Avg Adj Close
2020-07-02,25.26659996032715,Moving Avg Adj Close
2020-07-06,25.3507999420166,Moving Avg Adj Close
2020-07-07,25.414399909973145,Moving Avg Adj Close
2020-07-08,25.464199905395507,Moving Avg Adj Close
2020-07-09,25.48899990081787,Moving Avg Adj Close
2020-07-10,25.50119987487793,Moving Avg Adj Close
2020-07-13,25.552599868774415,Moving Avg Adj Close
2020-07-14,25.647399864196778,Moving Avg Adj Close
2020-07-15,25.76999984741211,Moving Avg Adj Close
2020-07-16,25.881799850463867,Moving Avg Adj Close
2020-07-17,25.972999877929688,Moving Avg Adj Close
2020-07-20,26.044399871826172,Moving Avg Adj Close
2020-07-21,26.08879985809326,Moving Avg Adj Close
2020-07-22,26.15879985809326,Moving Avg Adj Close
2020-07-23,26.24279987335205,Moving Avg Adj Close
2020-07-24,26.338599891662597,Moving Avg Adj Close
2020-07-27,26.40639991760254,Moving Avg Adj Close
2020-07-28,26.480399932861328,Moving Avg Adj Close
2020-07-29,26.501999931335448,Moving Avg Adj Close
2020-07-30,26.512199935913085,Moving Avg Adj Close
2020-07-31,26.500399932861328,Moving Avg Adj Close
2020-08-03,26.497199935913088,Moving Avg Adj Close
2020-08-04,26.49359992980957,Moving Avg Adj Close
2020-08-05,26.472199935913086,Moving Avg Adj Close
2020-08-06,26.448799934387207,Moving Avg Adj Close
2020-08-07,26.44959991455078,Moving Avg Adj Close
2020-08-10,26.491599922180175,Moving Avg Adj Close
2020-08-11,26.523199920654296,Moving Avg Adj Close
2020-08-12,26.535599937438963,Moving Avg Adj Close
2020-08-13,26.50519992828369,Moving Avg Adj Close
2020-08-14,26.47919994354248,Moving Avg Adj Close
2020-08-17,26.467199935913087,Moving Avg Adj Close
2020-08-18,26.450399932861327,Moving Avg Adj Close
2020-08-19,26.43759990692139,Moving Avg Adj Close
2020-08-20,26.43919990539551,Moving Avg Adj Close
2020-08-21,26.480399894714356,Moving Avg Adj Close
2020-08-24,26.52739990234375,Moving Avg Adj Close
2020-08-25,26.565799903869628,Moving Avg Adj Close
2020-08-26,26.599799880981447,Moving Avg Adj Close
2020-08-27,26.650399894714354,Moving Avg Adj Close
2020-08-28,26.708999900817872,Moving Avg Adj Close
2020-08-31,26.769799880981445,Moving Avg Adj Close
2020-09-01,26.838199882507325,Moving Avg Adj Close
2020-09-02,26.93239986419678,Moving Avg Adj Close
2020-09-03,27.016399841308594,Moving Avg Adj Close
2020-09-04,27.111799850463868,Moving Avg Adj Close
2020-09-08,27.27019989013672,Moving Avg Adj Close
2020-09-09,27.4031999206543,Moving Avg Adj Close
2020-09-10,27.500599937438963,Moving Avg Adj Close
2020-09-11,27.610599937438966,Moving Avg Adj Close
2020-09-14,27.72939994812012,Moving Avg Adj Close
2020-09-15,27.84639995574951,Moving Avg Adj Close
2020-09-16,27.979599990844726,Moving Avg Adj Close
2020-09-17,28.11919998168945,Moving Avg Adj Close
2020-09-18,28.280799980163575,Moving Avg Adj Close
2020-09-21,28.392999992370605,Moving Avg Adj Close
2020-09-22,28.48459999084473,Moving Avg Adj Close
2020-09-23,28.558600006103514,Moving Avg Adj Close
2020-09-24,28.603200035095213,Moving Avg Adj Close
2020-09-25,28.64620002746582,Moving Avg Adj Close
2020-09-28,28.706000022888183,Moving Avg Adj Close
2020-09-29,28.760600013732912,Moving Avg Adj Close
2020-09-30,28.829400024414063,Moving Avg Adj Close
2020-10-01,28.911000022888185,Moving Avg Adj Close
2020-10-02,28.985,Moving Avg Adj Close
2020-10-05,29.079199981689452,Moving Avg Adj Close
2020-10-06,29.17319995880127,Moving Avg Adj Close
2020-10-07,29.278999977111816,Moving Avg Adj Close
2020-10-08,29.4053999710083,Moving Avg Adj Close
2020-10-09,29.544599952697755,Moving Avg Adj Close
2020-10-12,29.69099994659424,Moving Avg Adj Close
2020-10-13,29.815599975585936,Moving Avg Adj Close
2020-10-14,29.932999992370604,Moving Avg Adj Close
2020-10-15,30.058199996948243,Moving Avg Adj Close
2020-10-16,30.194799995422365,Moving Avg Adj Close
2020-10-19,30.327399978637697,Moving Avg Adj Close
2020-10-20,30.47979995727539,Moving Avg Adj Close
2020-10-21,30.62479995727539,Moving Avg Adj Close
2020-10-22,30.81239994049072,Moving Avg Adj Close
2020-10-23,30.997999992370605,Moving Avg Adj Close
2020-10-26,31.15719997406006,Moving Avg Adj Close
2020-10-27,31.25479995727539,Moving Avg Adj Close
2020-10-28,31.33979995727539,Moving Avg Adj Close
2020-10-29,31.45319995880127,Moving Avg Adj Close
2020-10-30,31.567199935913084,Moving Avg Adj Close
2020-11-02,31.68699993133545,Moving Avg Adj Close
2020-11-03,31.78779991149902,Moving Avg Adj Close
2020-11-04,31.898799934387206,Moving Avg Adj Close
2020-11-05,32.05199993133545,Moving Avg Adj Close
2020-11-06,32.20759994506836,Moving Avg Adj Close
2020-11-09,32.38639991760254,Moving Avg Adj Close
2020-11-10,32.6153999710083,Moving Avg Adj Close
2020-11-11,32.830799980163576,Moving Avg Adj Close
2020-11-12,32.99799999237061,Moving Avg Adj Close
2020-11-13,33.23219997406006,Moving Avg Adj Close
2020-11-16,33.474799995422366,Moving Avg Adj Close
2020-11-17,33.66679996490478,Moving Avg Adj Close
2020-11-18,33.88219997406006,Moving Avg Adj Close
2020-11-19,34.13519996643066,Moving Avg Adj Close
2020-11-20,34.38680000305176,Moving Avg Adj Close
2020-11-23,34.65860000610351,Moving Avg Adj Close
2020-11-24,34.95619998931885,Moving Avg Adj Close
2020-11-25,35.229599952697754,Moving Avg Adj Close
2020-11-27,35.49239997863769,Moving Avg Adj Close
2020-11-30,35.73919998168945,Moving Avg Adj Close
2020-12-01,36.03279998779297,Moving Avg Adj Close
2020-12-02,36.33560001373291,Moving Avg Adj Close
2020-12-03,36.63060001373291,Moving Avg Adj Close
2020-12-04,36.93640003204346,Moving Avg Adj Close
2020-12-07,37.24260005950928,Moving Avg Adj Close
2020-12-08,37.52980003356934,Moving Avg Adj Close
2020-12-09,37.843600044250486,Moving Avg Adj Close
2020-12-10,38.10920001983643,Moving Avg Adj Close
2020-12-11,38.34,Moving Avg Adj Close
