,index,Date,High,Low,Open,Close,Volume,Adj Close,ValueType
0,0,2017-01-03,35.56999969482422,34.84000015258789,34.97999954223633,35.150001525878906,10904900.0,30.431575775146484,Actual
1,0,2017-01-03,35.56999969482422,34.84000015258789,34.97999954223633,35.150001525878906,10904900.0,33.171212820477905,Predicted
2,1,2017-01-04,37.2400016784668,35.470001220703125,35.599998474121094,37.09000015258789,23388500.0,32.11116027832031,Actual
3,1,2017-01-04,37.2400016784668,35.470001220703125,35.599998474121094,37.09000015258789,23388500.0,35.18884657148206,Predicted
4,2,2017-01-05,37.04999923706055,36.06999969482422,37.0099983215332,36.38999938964844,15636700.0,31.505117416381836,Actual
5,2,2017-01-05,37.04999923706055,36.06999969482422,37.0099983215332,36.38999938964844,15636700.0,33.96080785885076,Predicted
6,3,2017-01-06,36.54999923706055,35.93000030517578,36.40999984741211,35.9900016784668,13240100.0,31.158809661865234,Actual
7,3,2017-01-06,36.54999923706055,35.93000030517578,36.40999984741211,35.9900016784668,13240100.0,33.46994959234789,Predicted
8,9,2017-01-17,37.689998626708984,37.16999816894531,37.34000015258789,37.310001373291016,8225700.0,32.30162048339844,Actual
9,9,2017-01-17,37.689998626708984,37.16999816894531,37.34000015258789,37.310001373291016,8225700.0,34.94060176752322,Predicted
10,15,2017-01-25,38.380001068115234,37.599998474121094,37.709999084472656,38.279998779296875,20745200.0,33.14141082763672,Actual
11,15,2017-01-25,38.380001068115234,37.599998474121094,37.709999084472656,38.279998779296875,20745200.0,35.156802345638894,Predicted
12,19,2017-01-31,36.650001525878906,36.119998931884766,36.25,36.61000061035156,10679000.0,31.695585250854492,Actual
13,19,2017-01-31,36.650001525878906,36.119998931884766,36.25,36.61000061035156,10679000.0,34.205090392659585,Predicted
14,20,2017-02-01,37.11000061035156,35.86000061035156,36.68000030517578,36.13999938964844,13744100.0,31.288677215576172,Actual
15,20,2017-02-01,37.11000061035156,35.86000061035156,36.68000030517578,36.13999938964844,13744100.0,34.24305286933537,Predicted
16,21,2017-02-02,36.13999938964844,35.470001220703125,36.08000183105469,35.72999954223633,11893700.0,30.933713912963867,Actual
17,21,2017-02-02,36.13999938964844,35.470001220703125,36.08000183105469,35.72999954223633,11893700.0,33.39763576426775,Predicted
18,26,2017-02-09,35.400001525878906,35.02000045776367,35.13999938964844,35.08000183105469,14834000.0,30.3709716796875,Actual
19,26,2017-02-09,35.400001525878906,35.02000045776367,35.13999938964844,35.08000183105469,14834000.0,32.375580913678334,Predicted
20,27,2017-02-10,35.31999969482422,35.08000183105469,35.209999084472656,35.16999816894531,10321800.0,30.44889259338379,Actual
21,27,2017-02-10,35.31999969482422,35.08000183105469,35.209999084472656,35.16999816894531,10321800.0,32.6354960889172,Predicted
22,29,2017-02-14,37.400001525878906,36.66999816894531,36.720001220703125,37.2400016784668,31403300.0,32.24102020263672,Actual
23,29,2017-02-14,37.400001525878906,36.66999816894531,36.720001220703125,37.2400016784668,31403300.0,33.39371222233545,Predicted
24,30,2017-02-15,37.11000061035156,36.599998474121094,36.95000076293945,37.08000183105469,15674400.0,32.10249710083008,Actual
25,30,2017-02-15,37.11000061035156,36.599998474121094,36.95000076293945,37.08000183105469,15674400.0,34.13813336475867,Predicted
26,33,2017-02-21,38.099998474121094,37.41999816894531,37.599998474121094,37.810001373291016,14549200.0,32.73450469970703,Actual
27,33,2017-02-21,38.099998474121094,37.41999816894531,37.599998474121094,37.810001373291016,14549200.0,35.080995517125885,Predicted
28,36,2017-02-24,37.189998626708984,36.56999969482422,36.869998931884766,36.900001525878906,13060100.0,31.94666290283203,Actual
29,36,2017-02-24,37.189998626708984,36.56999969482422,36.869998931884766,36.900001525878906,13060100.0,34.319907659555426,Predicted
30,37,2017-02-27,37.36000061035156,36.86000061035156,36.91999816894531,37.27000045776367,10091800.0,32.266990661621094,Actual
31,37,2017-02-27,37.36000061035156,36.86000061035156,36.91999816894531,37.27000045776367,10091800.0,34.78536440472281,Predicted
32,40,2017-03-02,38.099998474121094,37.25,37.369998931884766,37.7599983215332,14935100.0,32.69121551513672,Actual
33,40,2017-03-02,38.099998474121094,37.25,37.369998931884766,37.7599983215332,14935100.0,35.23475909254795,Predicted
34,46,2017-03-10,37.189998626708984,36.77000045776367,37.099998474121094,36.83000183105469,18653600.0,32.212303161621094,Actual
35,46,2017-03-10,37.189998626708984,36.77000045776367,37.099998474121094,36.83000183105469,18653600.0,33.56000937292792,Predicted
36,47,2017-03-13,37.130001068115234,36.83000183105469,37.0,36.869998931884766,10120700.0,32.24728012084961,Actual
37,47,2017-03-13,37.130001068115234,36.83000183105469,37.0,36.869998931884766,10120700.0,34.15067805973209,Predicted
38,49,2017-03-15,37.15999984741211,36.790000915527344,37.06999969482422,37.09000015258789,28089800.0,32.439701080322266,Actual
39,49,2017-03-15,37.15999984741211,36.790000915527344,37.06999969482422,37.09000015258789,28089800.0,33.01886475542062,Predicted
40,50,2017-03-16,37.119998931884766,36.77000045776367,37.09000015258789,37.08000183105469,12599000.0,32.43095779418945,Actual
41,50,2017-03-16,37.119998931884766,36.77000045776367,37.09000015258789,37.08000183105469,12599000.0,34.18054361264099,Predicted
42,51,2017-03-17,37.15999984741211,36.29999923706055,37.130001068115234,36.33000183105469,19603600.0,31.774991989135742,Actual
43,51,2017-03-17,37.15999984741211,36.29999923706055,37.130001068115234,36.33000183105469,19603600.0,33.46315820422254,Predicted
44,55,2017-03-23,34.459999084472656,33.790000915527344,34.0,34.2599983215332,14536600.0,29.964521408081055,Actual
45,55,2017-03-23,34.459999084472656,33.790000915527344,34.0,34.2599983215332,14536600.0,32.0585185731932,Predicted
46,57,2017-03-27,34.75,33.970001220703125,34.279998779296875,34.709999084472656,12941300.0,30.358104705810547,Actual
47,57,2017-03-27,34.75,33.970001220703125,34.279998779296875,34.709999084472656,12941300.0,32.691711681879056,Predicted
48,63,2017-04-04,34.43000030517578,33.900001525878906,33.900001525878906,34.27000045776367,9500000.0,29.973270416259766,Actual
49,63,2017-04-04,34.43000030517578,33.900001525878906,33.900001525878906,34.27000045776367,9500000.0,32.33433249530803,Predicted
50,65,2017-04-06,34.470001220703125,33.88999938964844,34.02000045776367,34.15999984741211,12171900.0,29.87706184387207,Actual
51,65,2017-04-06,34.470001220703125,33.88999938964844,34.02000045776367,34.15999984741211,12171900.0,32.05402797363041,Predicted
52,72,2017-04-18,33.83000183105469,33.4900016784668,33.720001220703125,33.689998626708984,7020400.0,29.46598243713379,Actual
53,72,2017-04-18,33.83000183105469,33.4900016784668,33.720001220703125,33.689998626708984,7020400.0,31.740206545966803,Predicted
54,87,2017-05-09,34.470001220703125,33.900001525878906,33.900001525878906,34.2599983215332,8434500.0,29.964521408081055,Actual
55,87,2017-05-09,34.470001220703125,33.900001525878906,33.900001525878906,34.2599983215332,8434500.0,32.45543460018712,Predicted
56,88,2017-05-10,34.459999084472656,34.08000183105469,34.25,34.22999954223633,7665300.0,29.938282012939453,Actual
57,88,2017-05-10,34.459999084472656,34.08000183105469,34.25,34.22999954223633,7665300.0,32.206290239847334,Predicted
58,89,2017-05-11,34.22999954223633,33.900001525878906,34.06999969482422,34.11000061035156,9045400.0,29.833324432373047,Actual
59,89,2017-05-11,34.22999954223633,33.900001525878906,34.06999969482422,34.11000061035156,9045400.0,31.942476221016918,Predicted
60,91,2017-05-15,34.150001525878906,33.650001525878906,33.970001220703125,33.81999969482422,13634400.0,29.579689025878906,Actual
61,91,2017-05-15,34.150001525878906,33.650001525878906,33.970001220703125,33.81999969482422,13634400.0,31.503341436295074,Predicted
62,95,2017-05-19,32.970001220703125,32.5099983215332,32.54999923706055,32.720001220703125,14019200.0,28.61760711669922,Actual
63,95,2017-05-19,32.970001220703125,32.5099983215332,32.54999923706055,32.720001220703125,14019200.0,30.563638101145024,Predicted
64,99,2017-05-25,33.470001220703125,31.920000076293945,33.20000076293945,32.599998474121094,32345900.0,28.512651443481445,Actual
65,99,2017-05-25,33.470001220703125,31.920000076293945,33.20000076293945,32.599998474121094,32345900.0,30.073762620176826,Predicted
66,101,2017-05-30,33.7400016784668,33.040000915527344,33.09000015258789,33.529998779296875,13923600.0,29.326047897338867,Actual
67,101,2017-05-30,33.7400016784668,33.040000915527344,33.09000015258789,33.529998779296875,13923600.0,31.562911737515574,Predicted
68,102,2017-05-31,33.970001220703125,33.47999954223633,33.709999084472656,33.93000030517578,16515800.0,29.675901412963867,Actual
69,102,2017-05-31,33.970001220703125,33.47999954223633,33.709999084472656,33.93000030517578,16515800.0,31.404328889988662,Predicted
70,104,2017-06-02,34.529998779296875,33.959999084472656,34.349998474121094,34.45000076293945,11654500.0,30.130701065063477,Actual
71,104,2017-06-02,34.529998779296875,33.959999084472656,34.349998474121094,34.45000076293945,11654500.0,32.28252024530062,Predicted
72,105,2017-06-05,34.7400016784668,34.2599983215332,34.470001220703125,34.459999084472656,11884900.0,30.13944435119629,Actual
73,105,2017-06-05,34.7400016784668,34.2599983215332,34.470001220703125,34.459999084472656,11884900.0,32.18696492165384,Predicted
74,106,2017-06-06,34.47999954223633,34.099998474121094,34.33000183105469,34.43000030517578,11523000.0,30.113204956054688,Actual
75,106,2017-06-06,34.47999954223633,34.099998474121094,34.33000183105469,34.43000030517578,11523000.0,32.07579357823792,Predicted
76,116,2017-06-20,34.52000045776367,34.150001525878906,34.34000015258789,34.400001525878906,8296600.0,30.422740936279297,Actual
77,116,2017-06-20,34.52000045776367,34.150001525878906,34.34000015258789,34.400001525878906,8296600.0,32.29243791849449,Predicted
78,118,2017-06-22,34.34000015258789,33.86000061035156,34.04999923706055,34.189998626708984,8937500.0,30.237018585205078,Actual
79,118,2017-06-22,34.34000015258789,33.86000061035156,34.04999923706055,34.189998626708984,8937500.0,32.201726177704074,Predicted
80,125,2017-07-03,36.0,34.45000076293945,34.52000045776367,35.56999969482422,10915700.0,31.45746421813965,Actual
81,125,2017-07-03,36.0,34.45000076293945,34.52000045776367,35.56999969482422,10915700.0,34.58225723870008,Predicted
82,128,2017-07-07,35.04999923706055,34.77000045776367,35.0,34.939998626708984,8623500.0,30.900306701660156,Actual
83,128,2017-07-07,35.04999923706055,34.77000045776367,35.0,34.939998626708984,8623500.0,32.60200824956864,Predicted
84,137,2017-07-20,36.630001068115234,36.290000915527344,36.5,36.40999984741211,10159200.0,32.20034408569336,Actual
85,137,2017-07-20,36.630001068115234,36.290000915527344,36.5,36.40999984741211,10159200.0,33.80175504301697,Predicted
86,140,2017-07-25,36.16999816894531,35.5,35.939998626708984,35.56999969482422,14540100.0,31.45746421813965,Actual
87,140,2017-07-25,36.16999816894531,35.5,35.939998626708984,35.56999969482422,14540100.0,33.082779058167915,Predicted
88,141,2017-07-26,35.90999984741211,35.400001525878906,35.54999923706055,35.619998931884766,10814200.0,31.50168800354004,Actual
89,141,2017-07-26,35.90999984741211,35.400001525878906,35.54999923706055,35.619998931884766,10814200.0,33.30554059932772,Predicted
90,146,2017-08-02,34.9900016784668,34.619998931884766,34.63999938964844,34.81999969482422,9325600.0,30.794179916381836,Actual
91,146,2017-08-02,34.9900016784668,34.619998931884766,34.63999938964844,34.81999969482422,9325600.0,32.60584674782854,Predicted
92,148,2017-08-04,35.45000076293945,34.7599983215332,34.970001220703125,35.27000045776367,9160800.0,31.192157745361328,Actual
93,148,2017-08-04,35.45000076293945,34.7599983215332,34.970001220703125,35.27000045776367,9160800.0,33.35935770862075,Predicted
94,149,2017-08-07,35.400001525878906,35.119998931884766,35.15999984741211,35.29999923706055,8255000.0,31.21868324279785,Actual
95,149,2017-08-07,35.400001525878906,35.119998931884766,35.15999984741211,35.29999923706055,8255000.0,32.982512512203925,Predicted
96,159,2017-08-21,35.060001373291016,34.779998779296875,34.900001525878906,34.90999984741211,6010400.0,30.873775482177734,Actual
97,159,2017-08-21,35.060001373291016,34.779998779296875,34.900001525878906,34.90999984741211,6010400.0,32.802914999642134,Predicted
98,160,2017-08-22,35.41999816894531,34.970001220703125,35.0,35.29999923706055,7815100.0,31.21868324279785,Actual
99,160,2017-08-22,35.41999816894531,34.970001220703125,35.0,35.29999923706055,7815100.0,33.23305783228909,Predicted
100,163,2017-08-25,35.880001068115234,35.540000915527344,35.540000915527344,35.599998474121094,6685100.0,31.483999252319336,Actual
101,163,2017-08-25,35.880001068115234,35.540000915527344,35.540000915527344,35.599998474121094,6685100.0,33.4306228387845,Predicted
102,167,2017-08-31,36.7400016784668,35.900001525878906,35.900001525878906,36.540000915527344,13597800.0,32.31532287597656,Actual
103,167,2017-08-31,36.7400016784668,35.900001525878906,35.900001525878906,36.540000915527344,13597800.0,34.331093841184796,Predicted
104,170,2017-09-06,37.7400016784668,37.33000183105469,37.5099983215332,37.66999816894531,12359100.0,33.65821075439453,Actual
105,170,2017-09-06,37.7400016784668,37.33000183105469,37.5099983215332,37.66999816894531,12359100.0,34.80702075516362,Predicted
106,171,2017-09-07,37.43000030517578,36.70000076293945,37.400001525878906,36.90999984741211,14327500.0,33.31522750854492,Actual
107,171,2017-09-07,37.43000030517578,36.70000076293945,37.400001525878906,36.90999984741211,14327500.0,34.25518820372004,Predicted
108,176,2017-09-14,39.18000030517578,38.11000061035156,38.189998626708984,38.790000915527344,17528600.0,35.01212692260742,Actual
109,176,2017-09-14,39.18000030517578,38.11000061035156,38.189998626708984,38.790000915527344,17528600.0,36.19154881239477,Predicted
110,177,2017-09-15,39.029998779296875,38.63999938964844,38.7400016784668,38.880001068115234,25353900.0,35.093360900878906,Actual
111,177,2017-09-15,39.029998779296875,38.63999938964844,38.7400016784668,38.880001068115234,25353900.0,34.81185690521893,Predicted
112,178,2017-09-18,38.97999954223633,38.54999923706055,38.900001525878906,38.59000015258789,12361100.0,34.831600189208984,Actual
113,178,2017-09-18,38.97999954223633,38.54999923706055,38.900001525878906,38.59000015258789,12361100.0,35.54667666077576,Predicted
114,180,2017-09-20,39.0,38.689998626708984,38.86000061035156,38.880001068115234,17188300.0,35.093360900878906,Actual
115,180,2017-09-20,39.0,38.689998626708984,38.86000061035156,38.880001068115234,17188300.0,35.32992022048478,Predicted
116,188,2017-10-02,42.47999954223633,40.79999923706055,41.0099983215332,42.150001525878906,33817400.0,38.04488754272461,Actual
117,188,2017-10-02,42.47999954223633,40.79999923706055,41.0099983215332,42.150001525878906,33817400.0,38.52275834498579,Predicted
118,189,2017-10-03,43.70000076293945,43.0,43.119998931884766,43.45000076293945,31058300.0,39.2182731628418,Actual
119,189,2017-10-03,43.70000076293945,43.0,43.119998931884766,43.45000076293945,31058300.0,38.62486677490732,Predicted
120,190,2017-10-04,43.939998626708984,43.20000076293945,43.349998474121094,43.779998779296875,13458700.0,39.516136169433594,Actual
121,190,2017-10-04,43.939998626708984,43.20000076293945,43.349998474121094,43.779998779296875,13458700.0,40.321731773592816,Predicted
122,191,2017-10-05,44.08000183105469,43.68000030517578,43.900001525878906,43.849998474121094,16661400.0,39.57931137084961,Actual
123,191,2017-10-05,44.08000183105469,43.68000030517578,43.900001525878906,43.849998474121094,16661400.0,39.67906311920407,Predicted
124,193,2017-10-09,45.43000030517578,44.93000030517578,45.029998779296875,45.33000183105469,10932400.0,40.91517639160156,Actual
125,193,2017-10-09,45.43000030517578,44.93000030517578,45.029998779296875,45.33000183105469,10932400.0,41.54476261706401,Predicted
126,201,2017-10-19,45.400001525878906,44.560001373291016,44.75,45.349998474121094,13051600.0,40.933223724365234,Actual
127,201,2017-10-19,45.400001525878906,44.560001373291016,44.75,45.349998474121094,13051600.0,41.810380348787206,Predicted
128,202,2017-10-20,45.72999954223633,45.13999938964844,45.5,45.61000061035156,12203200.0,41.167903900146484,Actual
129,202,2017-10-20,45.72999954223633,45.13999938964844,45.5,45.61000061035156,12203200.0,41.733383607235425,Predicted
130,204,2017-10-24,46.7599983215332,45.720001220703125,45.90999984741211,46.47999954223633,27909100.0,41.95316696166992,Actual
131,204,2017-10-24,46.7599983215332,45.720001220703125,45.90999984741211,46.47999954223633,27909100.0,41.85076634885138,Predicted
132,205,2017-10-25,45.970001220703125,44.77000045776367,45.70000076293945,45.119998931884766,18062600.0,40.725624084472656,Actual
133,205,2017-10-25,45.970001220703125,44.77000045776367,45.70000076293945,45.119998931884766,18062600.0,41.44235276887437,Predicted
134,215,2017-11-08,42.119998931884766,41.529998779296875,41.86000061035156,42.11000061035156,14221600.0,38.0087776184082,Actual
135,215,2017-11-08,42.119998931884766,41.529998779296875,41.86000061035156,42.11000061035156,14221600.0,38.62430248179808,Predicted
136,216,2017-11-09,42.15999984741211,41.619998931884766,42.040000915527344,42.11000061035156,8897200.0,38.0087776184082,Actual
137,216,2017-11-09,42.15999984741211,41.619998931884766,42.040000915527344,42.11000061035156,8897200.0,38.9495492954929,Predicted
138,217,2017-11-10,43.0,42.060001373291016,42.13999938964844,42.65999984741211,14102100.0,38.50520706176758,Actual
139,217,2017-11-10,43.0,42.060001373291016,42.13999938964844,42.65999984741211,14102100.0,39.578519211782776,Predicted
140,222,2017-11-17,44.13999938964844,43.4900016784668,43.529998779296875,43.880001068115234,10594200.0,39.60639572143555,Actual
141,222,2017-11-17,44.13999938964844,43.4900016784668,43.529998779296875,43.880001068115234,10594200.0,40.53365997991311,Predicted
142,224,2017-11-21,45.18000030517578,44.65999984741211,45.06999969482422,44.970001220703125,12011200.0,40.590232849121094,Actual
143,224,2017-11-21,45.18000030517578,44.65999984741211,45.06999969482422,44.970001220703125,12011200.0,41.097795810732364,Predicted
144,227,2017-11-27,44.4900016784668,43.880001068115234,44.470001220703125,44.16999816894531,8652600.0,39.86814880371094,Actual
145,227,2017-11-27,44.4900016784668,43.880001068115234,44.470001220703125,44.16999816894531,8652600.0,40.74235398284462,Predicted
146,230,2017-11-30,44.529998779296875,42.70000076293945,44.0,43.09000015258789,32515100.0,38.893333435058594,Actual
147,230,2017-11-30,44.529998779296875,42.70000076293945,44.0,43.09000015258789,32515100.0,39.26252741544195,Predicted
148,232,2017-12-04,43.41999816894531,42.91999816894531,43.20000076293945,43.04999923706055,14024600.0,38.85722732543945,Actual
149,232,2017-12-04,43.41999816894531,42.91999816894531,43.20000076293945,43.04999923706055,14024600.0,39.306876784766615,Predicted
150,235,2017-12-07,42.38999938964844,41.540000915527344,42.2599983215332,42.02000045776367,16450000.0,38.272586822509766,Actual
151,235,2017-12-07,42.38999938964844,41.540000915527344,42.2599983215332,42.02000045776367,16450000.0,38.582696750240814,Predicted
152,237,2017-12-11,41.93000030517578,41.560001373291016,41.880001068115234,41.66999816894531,14112500.0,37.953800201416016,Actual
153,237,2017-12-11,41.93000030517578,41.560001373291016,41.880001068115234,41.66999816894531,14112500.0,37.96381235585197,Predicted
154,244,2017-12-20,42.779998779296875,42.38999938964844,42.7400016784668,42.52000045776367,8636700.0,38.728004455566406,Actual
155,244,2017-12-20,42.779998779296875,42.38999938964844,42.7400016784668,42.52000045776367,8636700.0,39.127947153064696,Predicted
156,246,2017-12-22,42.310001373291016,41.810001373291016,42.29999923706055,42.02000045776367,4907100.0,38.272586822509766,Actual
157,246,2017-12-22,42.310001373291016,41.810001373291016,42.29999923706055,42.02000045776367,4907100.0,39.096911048229344,Predicted
158,247,2017-12-26,42.09000015258789,41.630001068115234,41.86000061035156,41.79999923706055,3368900.0,38.07221221923828,Actual
159,247,2017-12-26,42.09000015258789,41.630001068115234,41.86000061035156,41.79999923706055,3368900.0,39.04177584046472,Predicted
160,248,2017-12-27,41.849998474121094,41.29999923706055,41.7599983215332,41.310001373291016,4933600.0,37.625911712646484,Actual
161,248,2017-12-27,41.849998474121094,41.29999923706055,41.7599983215332,41.310001373291016,4933600.0,38.54406037339999,Predicted
162,249,2017-12-28,41.439998626708984,41.20000076293945,41.34000015258789,41.380001068115234,5005300.0,37.689666748046875,Actual
163,249,2017-12-28,41.439998626708984,41.20000076293945,41.34000015258789,41.380001068115234,5005300.0,38.31910286599776,Predicted
164,255,2018-01-08,44.59000015258789,43.52000045776367,44.040000915527344,44.220001220703125,13099600.0,40.276390075683594,Actual
165,255,2018-01-08,44.59000015258789,43.52000045776367,44.040000915527344,44.220001220703125,13099600.0,41.03566369672403,Predicted
166,258,2018-01-11,44.27000045776367,43.15999984741211,43.279998779296875,44.189998626708984,11245800.0,40.24906539916992,Actual
167,258,2018-01-11,44.27000045776367,43.15999984741211,43.279998779296875,44.189998626708984,11245800.0,41.32376222261445,Predicted
168,268,2018-01-26,43.56999969482422,42.9900016784668,43.31999969482422,43.4900016784668,9131200.0,39.61149597167969,Actual
169,268,2018-01-26,43.56999969482422,42.9900016784668,43.31999969482422,43.4900016784668,9131200.0,40.17175339507125,Predicted
170,277,2018-02-08,42.709999084472656,40.7400016784668,42.459999084472656,40.75,18035400.0,37.115848541259766,Actual
171,277,2018-02-08,42.709999084472656,40.7400016784668,42.459999084472656,40.75,18035400.0,38.438491750464124,Predicted
172,278,2018-02-09,41.970001220703125,40.22999954223633,41.15999984741211,41.459999084472656,19598000.0,37.76252746582031,Actual
173,278,2018-02-09,41.970001220703125,40.22999954223633,41.15999984741211,41.459999084472656,19598000.0,38.930250539527464,Predicted
174,285,2018-02-21,41.29999923706055,40.5099983215332,40.75,40.560001373291016,9098500.0,36.94279861450195,Actual
175,285,2018-02-21,41.29999923706055,40.5099983215332,40.75,40.560001373291016,9098500.0,37.926519909808164,Predicted
176,289,2018-02-27,41.540000915527344,40.119998931884766,41.4900016784668,40.16999816894531,12738800.0,36.58757400512695,Actual
177,289,2018-02-27,41.540000915527344,40.119998931884766,41.4900016784668,40.16999816894531,12738800.0,37.79062630566855,Predicted
178,290,2018-02-28,40.150001525878906,39.31999969482422,39.619998931884766,39.349998474121094,23145200.0,35.840702056884766,Actual
179,290,2018-02-28,40.150001525878906,39.31999969482422,39.619998931884766,39.349998474121094,23145200.0,35.841302000299564,Predicted
180,291,2018-03-01,39.59000015258789,37.40999984741211,39.59000015258789,37.790000915527344,26183100.0,34.41982650756836,Actual
181,291,2018-03-01,39.59000015258789,37.40999984741211,39.59000015258789,37.790000915527344,26183100.0,35.46334292047547,Predicted
182,310,2018-03-28,35.790000915527344,34.900001525878906,35.0099983215332,35.470001220703125,17905700.0,32.63533020019531,Actual
183,310,2018-03-28,35.790000915527344,34.900001525878906,35.0099983215332,35.470001220703125,17905700.0,33.116790050752584,Predicted
184,312,2018-04-02,36.2599983215332,35.22999954223633,36.099998474121094,35.7599983215332,13909100.0,32.90215301513672,Actual
185,312,2018-04-02,36.2599983215332,35.22999954223633,36.099998474121094,35.7599983215332,13909100.0,33.65333366646907,Predicted
186,313,2018-04-03,37.349998474121094,36.38999938964844,36.79999923706055,36.939998626708984,15833300.0,33.987850189208984,Actual
187,313,2018-04-03,37.349998474121094,36.38999938964844,36.79999923706055,36.939998626708984,15833300.0,34.53374265494948,Predicted
188,320,2018-04-12,39.4900016784668,38.77000045776367,39.27000045776367,38.83000183105469,7896400.0,35.726806640625,Actual
189,320,2018-04-12,39.4900016784668,38.77000045776367,39.27000045776367,38.83000183105469,7896400.0,36.407507570714074,Predicted
190,322,2018-04-16,39.41999816894531,38.66999816894531,38.970001220703125,39.16999816894531,5064900.0,36.039634704589844,Actual
191,322,2018-04-16,39.41999816894531,38.66999816894531,38.970001220703125,39.16999816894531,5064900.0,37.033648686805336,Predicted
192,329,2018-04-25,38.20000076293945,37.5,37.72999954223633,38.11000061035156,7982700.0,35.064353942871094,Actual
193,329,2018-04-25,38.20000076293945,37.5,37.72999954223633,38.11000061035156,7982700.0,35.87403805229012,Predicted
194,334,2018-05-02,36.70000076293945,36.150001525878906,36.47999954223633,36.20000076293945,9440700.0,33.3069953918457,Actual
195,334,2018-05-02,36.70000076293945,36.150001525878906,36.47999954223633,36.20000076293945,9440700.0,33.895120608854825,Predicted
196,336,2018-05-04,36.779998779296875,35.869998931884766,36.150001525878906,36.709999084472656,6639000.0,33.77622604370117,Actual
197,336,2018-05-04,36.779998779296875,35.869998931884766,36.150001525878906,36.709999084472656,6639000.0,35.046862452773944,Predicted
198,342,2018-05-14,37.06999969482422,36.560001373291016,37.060001373291016,36.630001068115234,6393300.0,33.70262908935547,Actual
199,342,2018-05-14,37.06999969482422,36.560001373291016,37.060001373291016,36.630001068115234,6393300.0,34.40932198542849,Predicted
200,344,2018-05-16,38.040000915527344,36.970001220703125,36.970001220703125,38.029998779296875,8193900.0,34.99074172973633,Actual
201,344,2018-05-16,38.040000915527344,36.970001220703125,36.970001220703125,38.029998779296875,8193900.0,36.32053650713634,Predicted
202,345,2018-05-17,38.47999954223633,37.75,37.970001220703125,38.29999923706055,9572700.0,35.239166259765625,Actual
203,345,2018-05-17,38.47999954223633,37.75,37.970001220703125,38.29999923706055,9572700.0,35.94518893474826,Predicted
204,346,2018-05-18,38.400001525878906,37.720001220703125,38.27000045776367,37.790000915527344,5576300.0,34.769920349121094,Actual
205,346,2018-05-18,38.400001525878906,37.720001220703125,38.27000045776367,37.790000915527344,5576300.0,35.646804756219595,Predicted
206,347,2018-05-21,38.34000015258789,37.97999954223633,38.15999984741211,38.09000015258789,6227700.0,35.045955657958984,Actual
207,347,2018-05-21,38.34000015258789,37.97999954223633,38.15999984741211,38.09000015258789,6227700.0,35.56198881299011,Predicted
208,351,2018-05-25,38.400001525878906,38.11000061035156,38.25,38.29999923706055,5247300.0,35.239166259765625,Actual
209,351,2018-05-25,38.400001525878906,38.11000061035156,38.25,38.29999923706055,5247300.0,35.748693342588155,Predicted
210,355,2018-06-01,43.31999969482422,42.33000183105469,42.97999954223633,43.20000076293945,24461800.0,39.7475700378418,Actual
211,355,2018-06-01,43.31999969482422,42.33000183105469,42.97999954223633,43.20000076293945,24461800.0,39.17495560850932,Predicted
212,358,2018-06-06,44.0,43.36000061035156,43.65999984741211,43.93000030517578,18026100.0,40.41922378540039,Actual
213,358,2018-06-06,44.0,43.36000061035156,43.65999984741211,43.93000030517578,18026100.0,39.93828274175826,Predicted
214,361,2018-06-11,44.88999938964844,44.290000915527344,44.29999923706055,44.849998474121094,14061400.0,41.62577438354492,Actual
215,361,2018-06-11,44.88999938964844,44.290000915527344,44.29999923706055,44.849998474121094,14061400.0,41.04786579156911,Predicted
216,370,2018-06-22,41.75,40.939998626708984,41.40999984741211,41.25,9336700.0,38.28457260131836,Actual
217,370,2018-06-22,41.75,40.939998626708984,41.40999984741211,41.25,9336700.0,38.48159411813049,Predicted
218,377,2018-07-03,39.81999969482422,38.91999816894531,39.709999084472656,38.970001220703125,4975800.0,36.16848373413086,Actual
219,377,2018-07-03,39.81999969482422,38.91999816894531,39.709999084472656,38.970001220703125,4975800.0,36.89659344794731,Predicted
220,378,2018-07-05,40.0,39.209999084472656,39.61000061035156,39.470001220703125,8351400.0,36.632537841796875,Actual
221,378,2018-07-05,40.0,39.209999084472656,39.61000061035156,39.470001220703125,8351400.0,37.037823690555,Predicted
222,379,2018-07-06,39.45000076293945,38.70000076293945,39.380001068115234,39.15999984741211,7897100.0,36.344818115234375,Actual
223,379,2018-07-06,39.45000076293945,38.70000076293945,39.380001068115234,39.15999984741211,7897100.0,36.710514806165676,Predicted
224,381,2018-07-10,40.310001373291016,39.599998474121094,39.84000015258789,40.09000015258789,10140100.0,37.207969665527344,Actual
225,381,2018-07-10,40.310001373291016,39.599998474121094,39.84000015258789,40.09000015258789,10140100.0,37.38583116462131,Predicted
226,383,2018-07-12,39.63999938964844,39.0099983215332,39.599998474121094,39.27000045776367,8250300.0,36.44691467285156,Actual
227,383,2018-07-12,39.63999938964844,39.0099983215332,39.599998474121094,39.27000045776367,8250300.0,36.63976030298073,Predicted
228,386,2018-07-17,40.5,39.4900016784668,39.5,40.029998779296875,8806100.0,37.15227508544922,Actual
229,386,2018-07-17,40.5,39.4900016784668,39.5,40.029998779296875,8806100.0,37.85502070896462,Predicted
230,389,2018-07-20,39.41999816894531,38.86000061035156,39.06999969482422,39.400001525878906,10949600.0,36.56757736206055,Actual
231,389,2018-07-20,39.41999816894531,38.86000061035156,39.06999969482422,39.400001525878906,10949600.0,36.5703518214534,Predicted
232,390,2018-07-23,39.380001068115234,38.95000076293945,39.20000076293945,39.27000045776367,7687700.0,36.44691467285156,Actual
233,390,2018-07-23,39.380001068115234,38.95000076293945,39.20000076293945,39.27000045776367,7687700.0,36.53197560482843,Predicted
234,394,2018-07-27,37.63999938964844,36.77000045776367,36.83000183105469,37.529998779296875,12629300.0,34.832000732421875,Actual
235,394,2018-07-27,37.63999938964844,36.77000045776367,36.83000183105469,37.529998779296875,12629300.0,35.276357717203155,Predicted
236,399,2018-08-03,37.77000045776367,36.650001525878906,36.650001525878906,37.72999954223633,9374800.0,35.01762390136719,Actual
237,399,2018-08-03,37.77000045776367,36.650001525878906,36.650001525878906,37.72999954223633,9374800.0,36.035505064017045,Predicted
238,405,2018-08-13,36.66999816894531,35.869998931884766,36.59000015258789,36.15999984741211,15573600.0,33.560489654541016,Actual
239,405,2018-08-13,36.66999816894531,35.869998931884766,36.59000015258789,36.15999984741211,15573600.0,33.607106211078786,Predicted
240,409,2018-08-17,36.56999969482422,35.90999984741211,36.08000183105469,36.380001068115234,7796700.0,33.76467514038086,Actual
241,409,2018-08-17,36.56999969482422,35.90999984741211,36.08000183105469,36.380001068115234,7796700.0,34.37742480258251,Predicted
242,412,2018-08-22,36.720001220703125,36.099998474121094,36.599998474121094,36.130001068115234,8871200.0,33.53264617919922,Actual
243,412,2018-08-22,36.720001220703125,36.099998474121094,36.599998474121094,36.130001068115234,8871200.0,33.92077541444752,Predicted
244,416,2018-08-28,37.86000061035156,36.91999816894531,37.849998474121094,37.31999969482422,9638800.0,34.6370964050293,Actual
245,416,2018-08-28,37.86000061035156,36.91999816894531,37.849998474121094,37.31999969482422,9638800.0,35.17617862032418,Predicted
246,419,2018-08-31,36.29999923706055,35.779998779296875,36.20000076293945,36.04999923706055,13713300.0,33.45839309692383,Actual
247,419,2018-08-31,36.29999923706055,35.779998779296875,36.20000076293945,36.04999923706055,13713300.0,33.395733449912115,Predicted
248,422,2018-09-06,35.27000045776367,34.380001068115234,35.0,34.380001068115234,12913600.0,32.25578308105469,Actual
249,422,2018-09-06,35.27000045776367,34.380001068115234,35.0,34.380001068115234,12913600.0,32.413021705450774,Predicted
250,424,2018-09-10,34.25,33.83000183105469,33.91999816894531,33.869998931884766,10682100.0,31.777292251586914,Actual
251,424,2018-09-10,34.25,33.83000183105469,33.91999816894531,33.869998931884766,10682100.0,31.725165203412285,Predicted
252,429,2018-09-17,35.220001220703125,34.40999984741211,34.5,35.02000045776367,10905300.0,32.856239318847656,Actual
253,429,2018-09-17,35.220001220703125,34.40999984741211,34.5,35.02000045776367,10905300.0,33.1914249510515,Predicted
254,433,2018-09-21,36.4900016784668,35.15999984741211,36.310001373291016,35.31999969482422,27172000.0,33.13770294189453,Actual
255,433,2018-09-21,36.4900016784668,35.15999984741211,36.310001373291016,35.31999969482422,27172000.0,32.511392665523246,Predicted
256,435,2018-09-25,34.68000030517578,33.5,34.47999954223633,33.54999923706055,14805300.0,31.477062225341797,Actual
257,435,2018-09-25,34.68000030517578,33.5,34.47999954223633,33.54999923706055,14805300.0,31.82456510989024,Predicted
258,436,2018-09-26,34.0,33.349998474121094,33.4900016784668,33.72999954223633,18074500.0,31.645944595336914,Actual
259,436,2018-09-26,34.0,33.349998474121094,33.4900016784668,33.72999954223633,18074500.0,31.32047173230924,Predicted
260,438,2018-09-28,33.689998626708984,33.290000915527344,33.56999969482422,33.66999816894531,8836700.0,31.589645385742188,Actual
261,438,2018-09-28,33.689998626708984,33.290000915527344,33.56999969482422,33.66999816894531,8836700.0,31.655492804471596,Predicted
262,443,2018-10-05,34.5099983215332,33.970001220703125,34.40999984741211,34.119998931884766,10748600.0,32.011844635009766,Actual
263,443,2018-10-05,34.5099983215332,33.970001220703125,34.40999984741211,34.119998931884766,10748600.0,31.998958770426167,Predicted
264,450,2018-10-16,32.540000915527344,31.860000610351562,32.459999084472656,32.34000015258789,11876700.0,30.341825485229492,Actual
265,450,2018-10-16,32.540000915527344,31.860000610351562,32.459999084472656,32.34000015258789,11876700.0,30.555470586921718,Predicted
266,451,2018-10-17,32.290000915527344,31.579999923706055,32.060001373291016,31.93000030517578,9099000.0,29.9571590423584,Actual
267,451,2018-10-17,32.290000915527344,31.579999923706055,32.060001373291016,31.93000030517578,9099000.0,30.478076139144715,Predicted
268,455,2018-10-23,32.400001525878906,30.889999389648438,30.940000534057617,32.119998931884766,16580800.0,30.13541603088379,Actual
269,455,2018-10-23,32.400001525878906,30.889999389648438,30.940000534057617,32.119998931884766,16580800.0,31.1823850564693,Predicted
270,456,2018-10-24,32.060001373291016,30.559999465942383,31.790000915527344,30.559999465942383,18781400.0,28.671804428100586,Actual
271,456,2018-10-24,32.060001373291016,30.559999465942383,31.790000915527344,30.559999465942383,18781400.0,29.29704091124355,Predicted
272,466,2018-11-07,37.0,36.369998931884766,36.72999954223633,36.880001068115234,9457800.0,34.60131072998047,Actual
273,466,2018-11-07,37.0,36.369998931884766,36.72999954223633,36.880001068115234,9457800.0,34.59400878072389,Predicted
274,470,2018-11-13,36.650001525878906,35.709999084472656,35.91999816894531,35.93000030517578,8594000.0,33.710018157958984,Actual
275,470,2018-11-13,36.650001525878906,35.709999084472656,35.91999816894531,35.93000030517578,8594000.0,34.23828782237024,Predicted
276,475,2018-11-20,35.619998931884766,34.849998474121094,35.099998474121094,35.09000015258789,10332900.0,32.92190933227539,Actual
277,475,2018-11-20,35.619998931884766,34.849998474121094,35.099998474121094,35.09000015258789,10332900.0,33.18042827057596,Predicted
278,476,2018-11-21,35.86000061035156,34.970001220703125,35.29999923706055,35.54999923706055,6555600.0,33.353492736816406,Actual
279,476,2018-11-21,35.86000061035156,34.970001220703125,35.29999923706055,35.54999923706055,6555600.0,34.01366635562695,Predicted
280,482,2018-11-30,38.0,36.65999984741211,36.7400016784668,37.95000076293945,18108900.0,35.605201721191406,Actual
281,482,2018-11-30,38.0,36.65999984741211,36.7400016784668,37.95000076293945,18108900.0,35.802731389797444,Predicted
282,484,2018-12-04,38.29999923706055,36.5,38.220001220703125,36.52000045776367,14234700.0,34.26355743408203,Actual
283,484,2018-12-04,38.29999923706055,36.5,38.220001220703125,36.52000045776367,14234700.0,34.94484688701756,Predicted
284,486,2018-12-07,35.93000030517578,34.54999923706055,35.439998626708984,34.689998626708984,9236700.0,32.88884353637695,Actual
285,486,2018-12-07,35.93000030517578,34.54999923706055,35.439998626708984,34.689998626708984,9236700.0,33.49047772956219,Predicted
286,488,2018-12-11,35.75,34.650001525878906,35.54999923706055,34.689998626708984,12531800.0,32.88884353637695,Actual
287,488,2018-12-11,35.75,34.650001525878906,35.54999923706055,34.689998626708984,12531800.0,32.89112589162126,Predicted
288,490,2018-12-13,36.18000030517578,35.06999969482422,35.959999084472656,35.11000061035156,9001000.0,33.28703308105469,Actual
289,490,2018-12-13,36.18000030517578,35.06999969482422,35.959999084472656,35.11000061035156,9001000.0,33.53578058699482,Predicted
290,495,2018-12-20,35.349998474121094,33.84000015258789,34.93000030517578,34.27000045776367,14957400.0,32.49065017700195,Actual
291,495,2018-12-20,35.349998474121094,33.84000015258789,34.93000030517578,34.27000045776367,14957400.0,32.81904406797576,Predicted
292,499,2018-12-27,34.0,32.38999938964844,33.06999969482422,33.959999084472656,13653000.0,32.196746826171875,Actual
293,499,2018-12-27,34.0,32.38999938964844,33.06999969482422,33.959999084472656,13653000.0,32.96347858906295,Predicted
294,504,2019-01-04,33.56999969482422,32.43000030517578,32.79999923706055,33.33000183105469,10784000.0,31.599454879760742,Actual
295,504,2019-01-04,33.56999969482422,32.43000030517578,32.79999923706055,33.33000183105469,10784000.0,32.11543589575767,Predicted
296,513,2019-01-17,38.29999923706055,37.400001525878906,37.5,38.2599983215332,13060500.0,36.27347946166992,Actual
297,513,2019-01-17,38.29999923706055,37.400001525878906,37.5,38.2599983215332,13060500.0,35.895730073135056,Predicted
298,514,2019-01-18,38.77000045776367,37.84000015258789,38.45000076293945,38.61000061035156,10494100.0,36.60531234741211,Actual
299,514,2019-01-18,38.77000045776367,37.84000015258789,38.45000076293945,38.61000061035156,10494100.0,36.297582328728396,Predicted
300,519,2019-01-28,38.599998474121094,38.060001373291016,38.22999954223633,38.459999084472656,11384400.0,36.463096618652344,Actual
301,519,2019-01-28,38.599998474121094,38.060001373291016,38.22999954223633,38.459999084472656,11384400.0,35.71446025907993,Predicted
302,523,2019-02-01,39.150001525878906,38.52000045776367,38.90999984741211,38.779998779296875,8040300.0,36.7664794921875,Actual
303,523,2019-02-01,39.150001525878906,38.52000045776367,38.90999984741211,38.779998779296875,8040300.0,36.28876774580259,Predicted
304,524,2019-02-04,38.939998626708984,38.349998474121094,38.650001525878906,38.93000030517578,9960000.0,36.90869903564453,Actual
305,524,2019-02-04,38.939998626708984,38.349998474121094,38.650001525878906,38.93000030517578,9960000.0,36.265723344972486,Predicted
306,527,2019-02-07,39.40999984741211,38.34000015258789,39.22999954223633,38.650001525878906,15800700.0,36.64323806762695,Actual
307,527,2019-02-07,39.40999984741211,38.34000015258789,39.22999954223633,38.650001525878906,15800700.0,35.983047603426215,Predicted
308,530,2019-02-12,39.31999969482422,38.79999923706055,38.79999923706055,39.029998779296875,9725800.0,37.00349807739258,Actual
309,530,2019-02-12,39.31999969482422,38.79999923706055,38.79999923706055,39.029998779296875,9725800.0,36.330678599731215,Predicted
310,535,2019-02-20,40.099998474121094,39.52000045776367,39.63999938964844,39.95000076293945,9794800.0,37.875732421875,Actual
311,535,2019-02-20,40.099998474121094,39.52000045776367,39.63999938964844,39.95000076293945,9794800.0,37.16345047932643,Predicted
312,536,2019-02-21,40.20000076293945,39.540000915527344,40.0,39.619998931884766,7436000.0,37.562870025634766,Actual
313,536,2019-02-21,40.20000076293945,39.540000915527344,40.0,39.619998931884766,7436000.0,37.05295435241143,Predicted
314,537,2019-02-22,40.0099983215332,39.439998626708984,39.84000015258789,39.9900016784668,6742300.0,37.913658142089844,Actual
315,537,2019-02-22,40.0099983215332,39.439998626708984,39.84000015258789,39.9900016784668,6742300.0,37.36423592427086,Predicted
316,538,2019-02-25,40.459999084472656,40.09000015258789,40.25,40.13999938964844,9252300.0,38.055870056152344,Actual
317,538,2019-02-25,40.459999084472656,40.09000015258789,40.25,40.13999938964844,9252300.0,37.07767444207107,Predicted
318,544,2019-03-05,39.41999816894531,39.02000045776367,39.279998779296875,39.279998779296875,4866200.0,37.24052429199219,Actual
319,544,2019-03-05,39.41999816894531,39.02000045776367,39.279998779296875,39.279998779296875,4866200.0,36.71677342474963,Predicted
320,546,2019-03-07,38.34000015258789,37.63999938964844,38.099998474121094,38.040000915527344,8999800.0,36.42282485961914,Actual
321,546,2019-03-07,38.34000015258789,37.63999938964844,38.099998474121094,38.040000915527344,8999800.0,35.66400029100521,Predicted
322,547,2019-03-08,38.040000915527344,37.5,37.630001068115234,37.9900016784668,6911000.0,36.37495040893555,Actual
323,547,2019-03-08,38.040000915527344,37.5,37.630001068115234,37.9900016784668,6911000.0,35.679851276883625,Predicted
324,548,2019-03-11,38.790000915527344,38.0,38.08000183105469,38.619998931884766,12218800.0,36.97816848754883,Actual
325,548,2019-03-11,38.790000915527344,38.0,38.08000183105469,38.619998931884766,12218800.0,36.12169797301085,Predicted
326,549,2019-03-12,39.029998779296875,38.5,38.70000076293945,38.619998931884766,6633600.0,36.97816848754883,Actual
327,549,2019-03-12,39.029998779296875,38.5,38.70000076293945,38.619998931884766,6633600.0,36.17826071545248,Predicted
328,554,2019-03-19,38.75,38.040000915527344,38.310001373291016,38.27000045776367,9003300.0,36.64304733276367,Actual
329,554,2019-03-19,38.75,38.040000915527344,38.310001373291016,38.27000045776367,9003300.0,35.9033627592963,Predicted
330,555,2019-03-20,37.939998626708984,36.779998779296875,37.7400016784668,37.0,11680000.0,35.42703628540039,Actual
331,555,2019-03-20,37.939998626708984,36.779998779296875,37.7400016784668,37.0,11680000.0,34.98708061422879,Predicted
332,556,2019-03-21,37.380001068115234,36.779998779296875,37.0,37.349998474121094,8168100.0,35.76215362548828,Actual
333,556,2019-03-21,37.380001068115234,36.779998779296875,37.0,37.349998474121094,8168100.0,35.095409367632826,Predicted
334,559,2019-03-26,36.97999954223633,36.560001373291016,36.93000030517578,36.869998931884766,6867200.0,35.30256271362305,Actual
335,559,2019-03-26,36.97999954223633,36.560001373291016,36.93000030517578,36.869998931884766,6867200.0,34.518801278246556,Predicted
336,561,2019-03-28,37.22999954223633,36.65999984741211,36.70000076293945,37.060001373291016,5591300.0,35.48448944091797,Actual
337,561,2019-03-28,37.22999954223633,36.65999984741211,36.70000076293945,37.060001373291016,5591300.0,35.04412525913274,Predicted
338,565,2019-04-03,38.63999938964844,38.22999954223633,38.25,38.38999938964844,9029200.0,36.75794219970703,Actual
339,565,2019-04-03,38.63999938964844,38.22999954223633,38.25,38.38999938964844,9029200.0,35.70084046544066,Predicted
340,568,2019-04-08,39.09000015258789,38.7599983215332,38.77000045776367,39.060001373291016,5992400.0,37.39946365356445,Actual
341,568,2019-04-08,39.09000015258789,38.7599983215332,38.77000045776367,39.060001373291016,5992400.0,36.422814531843244,Predicted
342,569,2019-04-09,39.08000183105469,38.70000076293945,38.849998474121094,38.86000061035156,6528900.0,37.20796585083008,Actual
343,569,2019-04-09,39.08000183105469,38.70000076293945,38.849998474121094,38.86000061035156,6528900.0,36.22649236098172,Predicted
344,572,2019-04-12,40.04999923706055,39.529998779296875,39.599998474121094,39.709999084472656,4949700.0,38.02182388305664,Actual
345,572,2019-04-12,40.04999923706055,39.529998779296875,39.599998474121094,39.709999084472656,4949700.0,37.257448936726206,Predicted
346,574,2019-04-16,39.90999984741211,39.459999084472656,39.560001373291016,39.65999984741211,5985300.0,37.97395324707031,Actual
347,574,2019-04-16,39.90999984741211,39.459999084472656,39.560001373291016,39.65999984741211,5985300.0,37.0456081231883,Predicted
348,579,2019-04-24,39.88999938964844,39.369998931884766,39.5099983215332,39.720001220703125,5564700.0,38.031402587890625,Actual
349,579,2019-04-24,39.88999938964844,39.369998931884766,39.5099983215332,39.720001220703125,5564700.0,37.21443255824215,Predicted
350,581,2019-04-26,40.099998474121094,39.439998626708984,40.04999923706055,39.68000030517578,11830500.0,37.993106842041016,Actual
351,581,2019-04-26,40.099998474121094,39.439998626708984,40.04999923706055,39.68000030517578,11830500.0,36.73879742536164,Predicted
352,582,2019-04-29,40.279998779296875,39.689998626708984,39.75,40.0099983215332,9601100.0,38.30906677246094,Actual
353,582,2019-04-29,40.279998779296875,39.689998626708984,39.75,40.0099983215332,9601100.0,37.24724746235282,Predicted
354,586,2019-05-03,38.900001525878906,38.16999816894531,38.540000915527344,38.79999923706055,7201000.0,37.150508880615234,Actual
355,586,2019-05-03,38.900001525878906,38.16999816894531,38.540000915527344,38.79999923706055,7201000.0,36.52337195647942,Predicted
356,593,2019-05-14,37.38999938964844,36.68000030517578,36.810001373291016,37.040000915527344,6534600.0,35.465335845947266,Actual
357,593,2019-05-14,37.38999938964844,36.68000030517578,36.810001373291016,37.040000915527344,6534600.0,35.095794320774296,Predicted
358,594,2019-05-15,37.560001373291016,36.47999954223633,36.630001068115234,37.369998931884766,8190400.0,35.78130340576172,Actual
359,594,2019-05-15,37.560001373291016,36.47999954223633,36.630001068115234,37.369998931884766,8190400.0,35.72370461327742,Predicted
360,596,2019-05-17,37.36000061035156,36.849998474121094,37.0099983215332,37.0,7970000.0,35.42703628540039,Actual
361,596,2019-05-17,37.36000061035156,36.849998474121094,37.0099983215332,37.0,7970000.0,34.688849060976,Predicted
362,597,2019-05-20,37.0,36.63999938964844,36.65999984741211,36.970001220703125,17521900.0,35.3983154296875,Actual
363,597,2019-05-20,37.0,36.63999938964844,36.65999984741211,36.970001220703125,17521900.0,33.79080902288142,Predicted
364,598,2019-05-21,37.2400016784668,36.72999954223633,37.0,37.130001068115234,8387600.0,35.551509857177734,Actual
365,598,2019-05-21,37.2400016784668,36.72999954223633,37.0,37.130001068115234,8387600.0,34.759457797232386,Predicted
366,600,2019-05-23,35.18000030517578,34.349998474121094,35.150001525878906,35.130001068115234,13746200.0,33.63653564453125,Actual
367,600,2019-05-23,35.18000030517578,34.349998474121094,35.150001525878906,35.130001068115234,13746200.0,32.929828328330586,Predicted
368,601,2019-05-24,35.41999816894531,34.869998931884766,35.400001525878906,35.119998931884766,5262500.0,33.62696075439453,Actual
369,601,2019-05-24,35.41999816894531,34.869998931884766,35.400001525878906,35.119998931884766,5262500.0,33.27090337102369,Predicted
370,605,2019-05-31,33.70000076293945,33.150001525878906,33.29999923706055,33.34000015258789,15779900.0,31.922632217407227,Actual
371,605,2019-05-31,33.70000076293945,33.150001525878906,33.29999923706055,33.34000015258789,15779900.0,31.031765539819144,Predicted
372,608,2019-06-05,36.13999938964844,35.33000183105469,36.040000915527344,35.84000015258789,9605600.0,34.31635284423828,Actual
373,608,2019-06-05,36.13999938964844,35.33000183105469,36.040000915527344,35.84000015258789,9605600.0,33.83046386131082,Predicted
374,609,2019-06-06,35.439998626708984,34.459999084472656,35.09000015258789,35.189998626708984,9749200.0,34.055057525634766,Actual
375,609,2019-06-06,35.439998626708984,34.459999084472656,35.09000015258789,35.189998626708984,9749200.0,33.506783362709456,Predicted
376,610,2019-06-07,35.54999923706055,35.150001525878906,35.310001373291016,35.4900016784668,6561000.0,34.34538269042969,Actual
377,610,2019-06-07,35.54999923706055,35.150001525878906,35.310001373291016,35.4900016784668,6561000.0,33.401458405563474,Predicted
378,614,2019-06-13,36.04999923706055,35.40999984741211,35.630001068115234,36.02000045776367,3917300.0,34.8582878112793,Actual
379,614,2019-06-13,36.04999923706055,35.40999984741211,35.630001068115234,36.02000045776367,3917300.0,34.34831549047931,Predicted
380,618,2019-06-19,37.470001220703125,36.75,37.0,36.779998779296875,10884800.0,35.593780517578125,Actual
381,618,2019-06-19,37.470001220703125,36.75,37.0,36.779998779296875,10884800.0,34.49498163677795,Predicted
382,622,2019-06-25,37.880001068115234,36.7400016784668,37.060001373291016,37.68000030517578,12930500.0,36.46474838256836,Actual
383,622,2019-06-25,37.880001068115234,36.7400016784668,37.060001373291016,37.68000030517578,12930500.0,35.652823598951244,Predicted
384,629,2019-07-05,38.52000045776367,37.7400016784668,38.0,38.5,4851900.0,37.25830841064453,Actual
385,629,2019-07-05,38.52000045776367,37.7400016784668,38.0,38.5,4851900.0,36.54746769225521,Predicted
386,632,2019-07-10,38.470001220703125,37.869998931884766,38.349998474121094,38.099998474121094,5153100.0,36.87120819091797,Actual
387,632,2019-07-10,38.470001220703125,37.869998931884766,38.349998474121094,38.099998474121094,5153100.0,35.87655896794563,Predicted
388,633,2019-07-11,38.58000183105469,38.099998474121094,38.279998779296875,38.43000030517578,4598400.0,37.19055938720703,Actual
389,633,2019-07-11,38.58000183105469,38.099998474121094,38.279998779296875,38.43000030517578,4598400.0,36.13669979839902,Predicted
390,635,2019-07-15,39.36000061035156,38.88999938964844,39.209999084472656,39.36000061035156,5448800.0,38.09056854248047,Actual
391,635,2019-07-15,39.36000061035156,38.88999938964844,39.209999084472656,39.36000061035156,5448800.0,36.82447835424219,Predicted
392,639,2019-07-19,39.81999969482422,39.2400016784668,39.400001525878906,39.47999954223633,8194500.0,38.20669937133789,Actual
393,639,2019-07-19,39.81999969482422,39.2400016784668,39.400001525878906,39.47999954223633,8194500.0,36.86480788665796,Predicted
394,640,2019-07-22,40.369998931884766,39.77000045776367,39.959999084472656,39.86000061035156,6812800.0,38.574440002441406,Actual
395,640,2019-07-22,40.369998931884766,39.77000045776367,39.959999084472656,39.86000061035156,6812800.0,37.299330226924255,Predicted
396,642,2019-07-24,40.90999984741211,40.33000183105469,40.59000015258789,40.880001068115234,7318200.0,39.561546325683594,Actual
397,642,2019-07-24,40.90999984741211,40.33000183105469,40.59000015258789,40.880001068115234,7318200.0,38.11992901898502,Predicted
398,646,2019-07-30,40.560001373291016,39.91999816894531,40.2599983215332,40.43000030517578,5436900.0,39.12605667114258,Actual
399,646,2019-07-30,40.560001373291016,39.91999816894531,40.2599983215332,40.43000030517578,5436900.0,37.933449884652376,Predicted
400,657,2019-08-14,38.279998779296875,37.04999923706055,38.25,37.189998626708984,9878100.0,35.99055480957031,Actual
401,657,2019-08-14,38.279998779296875,37.04999923706055,38.25,37.189998626708984,9878100.0,35.307391999458574,Predicted
402,658,2019-08-15,37.2400016784668,36.150001525878906,37.16999816894531,36.470001220703125,7904300.0,35.29377746582031,Actual
403,658,2019-08-15,37.2400016784668,36.150001525878906,37.16999816894531,36.470001220703125,7904300.0,34.74072893439934,Predicted
404,666,2019-08-27,36.58000183105469,35.849998474121094,36.470001220703125,35.88999938964844,6221600.0,34.732479095458984,Actual
405,666,2019-08-27,36.58000183105469,35.849998474121094,36.470001220703125,35.88999938964844,6221600.0,34.0257759987024,Predicted
406,668,2019-08-29,37.02000045776367,36.72999954223633,36.79999923706055,36.90999984741211,5123700.0,35.71958541870117,Actual
407,668,2019-08-29,37.02000045776367,36.72999954223633,36.79999923706055,36.90999984741211,5123700.0,34.5956449100925,Predicted
408,669,2019-08-30,37.34000015258789,36.90999984741211,37.25,37.09000015258789,4599000.0,35.89377975463867,Actual
409,669,2019-08-30,37.34000015258789,36.90999984741211,37.25,37.09000015258789,4599000.0,34.890587719326575,Predicted
410,670,2019-09-03,37.0099983215332,36.540000915527344,36.88999938964844,36.90999984741211,6093900.0,35.71958541870117,Actual
411,670,2019-09-03,37.0099983215332,36.540000915527344,36.88999938964844,36.90999984741211,6093900.0,34.68175515529221,Predicted
412,675,2019-09-10,39.68000030517578,38.84000015258789,39.20000076293945,39.58000183105469,7233600.0,38.687923431396484,Actual
413,675,2019-09-10,39.68000030517578,38.84000015258789,39.20000076293945,39.58000183105469,7233600.0,37.324170688385394,Predicted
414,679,2019-09-16,38.15999984741211,36.970001220703125,37.970001220703125,37.209999084472656,15650300.0,36.371337890625,Actual
415,679,2019-09-16,38.15999984741211,36.970001220703125,37.970001220703125,37.209999084472656,15650300.0,34.884489372210126,Predicted
416,680,2019-09-17,38.41999816894531,36.849998474121094,37.20000076293945,38.290000915527344,11349200.0,37.426998138427734,Actual
417,680,2019-09-17,38.41999816894531,36.849998474121094,37.20000076293945,38.290000915527344,11349200.0,36.83623905335767,Predicted
418,686,2019-09-25,37.25,36.439998626708984,36.7599983215332,37.11000061035156,8414900.0,36.27359390258789,Actual
419,686,2019-09-25,37.25,36.439998626708984,36.7599983215332,37.11000061035156,8414900.0,35.106342309583,Predicted
420,687,2019-09-26,37.88999938964844,37.16999816894531,37.36000061035156,37.61000061035156,8301200.0,36.762325286865234,Actual
421,687,2019-09-26,37.88999938964844,37.16999816894531,37.36000061035156,37.61000061035156,8301200.0,35.44561383132118,Predicted
422,690,2019-10-01,37.47999954223633,36.029998779296875,37.470001220703125,36.11000061035156,9991600.0,35.2961311340332,Actual
423,690,2019-10-01,37.47999954223633,36.029998779296875,37.470001220703125,36.11000061035156,9991600.0,34.5821109977813,Predicted
424,693,2019-10-04,35.189998626708984,34.58000183105469,35.0,34.90999984741211,7037700.0,34.12317657470703,Actual
425,693,2019-10-04,35.189998626708984,34.58000183105469,35.0,34.90999984741211,7037700.0,33.05911816940829,Predicted
426,697,2019-10-10,35.29999923706055,34.209999084472656,34.45000076293945,34.65999984741211,10914900.0,33.87881088256836,Actual
427,697,2019-10-10,35.29999923706055,34.209999084472656,34.45000076293945,34.65999984741211,10914900.0,33.17019467091765,Predicted
428,700,2019-10-15,36.560001373291016,35.16999816894531,35.470001220703125,36.2599983215332,10249400.0,35.4427490234375,Actual
429,700,2019-10-15,36.560001373291016,35.16999816894531,35.470001220703125,36.2599983215332,10249400.0,34.97086150317361,Predicted
430,704,2019-10-21,36.720001220703125,35.630001068115234,36.439998626708984,35.93000030517578,7039300.0,35.12018966674805,Actual
431,704,2019-10-21,36.720001220703125,35.630001068115234,36.439998626708984,35.93000030517578,7039300.0,34.39906174584236,Predicted
432,708,2019-10-25,36.81999969482422,35.7599983215332,35.779998779296875,36.7400016784668,8735600.0,35.91193389892578,Actual
433,708,2019-10-25,36.81999969482422,35.7599983215332,35.779998779296875,36.7400016784668,8735600.0,35.16161419261279,Predicted
434,711,2019-10-30,38.2599983215332,37.41999816894531,38.2599983215332,37.90999984741211,7393200.0,37.05556106567383,Actual
435,711,2019-10-30,38.2599983215332,37.41999816894531,38.2599983215332,37.90999984741211,7393200.0,35.76048791030799,Predicted
436,714,2019-11-04,38.4900016784668,38.220001220703125,38.349998474121094,38.38999938964844,7782300.0,37.52474594116211,Actual
437,714,2019-11-04,38.4900016784668,38.220001220703125,38.349998474121094,38.38999938964844,7782300.0,35.60523140125747,Predicted
438,719,2019-11-11,38.79999923706055,38.380001068115234,38.599998474121094,38.720001220703125,3907400.0,37.84730529785156,Actual
439,719,2019-11-11,38.79999923706055,38.380001068115234,38.599998474121094,38.720001220703125,3907400.0,36.355971796916734,Predicted
440,724,2019-11-18,36.83000183105469,36.38999938964844,36.68000030517578,36.619998931884766,9766600.0,35.79463577270508,Actual
441,724,2019-11-18,36.83000183105469,36.38999938964844,36.68000030517578,36.619998931884766,9766600.0,34.11858669868259,Predicted
442,725,2019-11-19,36.70000076293945,36.0099983215332,36.66999816894531,36.380001068115234,10534600.0,35.56005096435547,Actual
443,725,2019-11-19,36.70000076293945,36.0099983215332,36.66999816894531,36.380001068115234,10534600.0,34.07464473577489,Predicted
444,730,2019-11-26,35.93000030517578,35.5099983215332,35.70000076293945,35.90999984741211,8245900.0,35.10063934326172,Actual
445,730,2019-11-26,35.93000030517578,35.5099983215332,35.70000076293945,35.90999984741211,8245900.0,33.64801385157337,Predicted
446,744,2019-12-17,36.38999938964844,36.11000061035156,36.20000076293945,36.310001373291016,8869800.0,35.87239456176758,Actual
447,744,2019-12-17,36.38999938964844,36.11000061035156,36.20000076293945,36.310001373291016,8869800.0,33.78076439351909,Predicted
448,745,2019-12-18,37.43000030517578,36.33000183105469,36.34000015258789,37.310001373291016,12651000.0,36.8603401184082,Actual
449,745,2019-12-18,37.43000030517578,36.33000183105469,36.34000015258789,37.310001373291016,12651000.0,35.390992020471785,Predicted
450,759,2020-01-09,35.099998474121094,34.529998779296875,34.9900016784668,35.08000183105469,9610400.0,34.65721893310547,Actual
451,759,2020-01-09,35.099998474121094,34.529998779296875,34.9900016784668,35.08000183105469,9610400.0,32.96325325230367,Predicted
452,760,2020-01-10,36.45000076293945,34.5099983215332,35.150001525878906,34.650001525878906,9644900.0,34.232398986816406,Actual
453,760,2020-01-10,36.45000076293945,34.5099983215332,35.150001525878906,34.650001525878906,9644900.0,34.15185475590502,Predicted
454,766,2020-01-21,35.54999923706055,34.959999084472656,35.36000061035156,34.9900016784668,11550500.0,34.568302154541016,Actual
455,766,2020-01-21,35.54999923706055,34.959999084472656,35.36000061035156,34.9900016784668,11550500.0,32.73438014681837,Predicted
456,768,2020-01-23,34.9900016784668,34.0099983215332,34.77000045776367,34.880001068115234,8595200.0,34.45962905883789,Actual
457,768,2020-01-23,34.9900016784668,34.0099983215332,34.77000045776367,34.880001068115234,8595200.0,33.31297506865364,Predicted
458,769,2020-01-24,34.9900016784668,34.0099983215332,34.900001525878906,34.310001373291016,9386600.0,33.8964958190918,Actual
459,769,2020-01-24,34.9900016784668,34.0099983215332,34.900001525878906,34.310001373291016,9386600.0,32.6927458362033,Predicted
460,770,2020-01-27,33.7599983215332,33.16999816894531,33.630001068115234,33.40999984741211,10359100.0,33.00734329223633,Actual
461,770,2020-01-27,33.7599983215332,33.16999816894531,33.630001068115234,33.40999984741211,10359100.0,31.48876654419001,Predicted
462,776,2020-02-04,34.81999969482422,34.20000076293945,34.349998474121094,34.369998931884766,14346300.0,33.955772399902344,Actual
463,776,2020-02-04,34.81999969482422,34.20000076293945,34.349998474121094,34.369998931884766,14346300.0,32.09833965284548,Predicted
464,777,2020-02-05,35.45000076293945,34.189998626708984,34.900001525878906,35.029998779296875,19050400.0,34.607818603515625,Actual
465,777,2020-02-05,35.45000076293945,34.189998626708984,34.900001525878906,35.029998779296875,19050400.0,32.97142940660048,Predicted
466,781,2020-02-11,35.2599983215332,34.06999969482422,34.34000015258789,35.0099983215332,12718600.0,34.58805847167969,Actual
467,781,2020-02-11,35.2599983215332,34.06999969482422,34.34000015258789,35.0099983215332,12718600.0,33.47663082831842,Predicted
468,782,2020-02-12,35.790000915527344,35.130001068115234,35.33000183105469,35.4900016784668,12076300.0,35.06227493286133,Actual
469,782,2020-02-12,35.790000915527344,35.130001068115234,35.33000183105469,35.4900016784668,12076300.0,33.27464018967157,Predicted
470,785,2020-02-18,34.7400016784668,33.959999084472656,34.25,34.40999984741211,10531000.0,33.99528884887695,Actual
471,785,2020-02-18,34.7400016784668,33.959999084472656,34.25,34.40999984741211,10531000.0,32.606877644412094,Predicted
472,786,2020-02-19,35.099998474121094,34.52000045776367,34.529998779296875,34.91999816894531,9079500.0,34.499141693115234,Actual
473,786,2020-02-19,35.099998474121094,34.52000045776367,34.529998779296875,34.91999816894531,9079500.0,32.977631279296006,Predicted
474,791,2020-02-26,32.61000061035156,31.889999389648438,32.099998474121094,32.0,14421900.0,31.614336013793945,Actual
475,791,2020-02-26,32.61000061035156,31.889999389648438,32.099998474121094,32.0,14421900.0,30.182597014166387,Predicted
476,792,2020-02-27,31.920000076293945,30.549999237060547,31.299999237060547,30.709999084472656,14940400.0,30.339881896972656,Actual
477,792,2020-02-27,31.920000076293945,30.549999237060547,31.299999237060547,30.709999084472656,14940400.0,29.695853920519582,Predicted
478,794,2020-03-02,31.450000762939453,29.739999771118164,30.520000457763672,31.420000076293945,14994600.0,31.04132652282715,Actual
479,794,2020-03-02,31.450000762939453,29.739999771118164,30.520000457763672,31.420000076293945,14994600.0,30.808756529367244,Predicted
480,795,2020-03-03,32.29999923706055,30.260000228881836,31.5,30.520000457763672,15816200.0,30.15217399597168,Actual
481,795,2020-03-03,32.29999923706055,30.260000228881836,31.5,30.520000457763672,15816200.0,30.15392943651057,Predicted
482,797,2020-03-05,30.770000457763672,30.010000228881836,30.540000915527344,30.100000381469727,17921300.0,30.100000381469727,Actual
483,797,2020-03-05,30.770000457763672,30.010000228881836,30.540000915527344,30.100000381469727,17921300.0,28.26852100667934,Predicted
484,799,2020-03-09,26.1200008392334,24.149999618530273,26.0,24.690000534057617,28350600.0,24.690000534057617,Actual
485,799,2020-03-09,26.1200008392334,24.149999618530273,26.0,24.690000534057617,28350600.0,24.027842709865055,Predicted
486,800,2020-03-10,27.139999389648438,24.59000015258789,25.979999542236328,27.1200008392334,18287700.0,27.1200008392334,Actual
487,800,2020-03-10,27.139999389648438,24.59000015258789,25.979999542236328,27.1200008392334,18287700.0,27.825154406398585,Predicted
488,801,2020-03-11,26.6200008392334,25.760000228881836,26.0,26.0,21309700.0,26.0,Actual
489,801,2020-03-11,26.6200008392334,25.760000228881836,26.0,26.0,21309700.0,24.729096187619486,Predicted
490,805,2020-03-17,21.579999923706055,19.5,21.309999465942383,20.31999969482422,23544400.0,20.31999969482422,Actual
491,805,2020-03-17,21.579999923706055,19.5,21.309999465942383,20.31999969482422,23544400.0,20.85740747879639,Predicted
492,810,2020-03-24,21.670000076293945,18.600000381469727,19.31999969482422,21.110000610351562,24082900.0,21.110000610351562,Actual
493,810,2020-03-24,21.670000076293945,18.600000381469727,19.31999969482422,21.110000610351562,24082900.0,23.057646792243386,Predicted
494,819,2020-04-06,19.760000228881836,18.549999237060547,19.100000381469727,19.549999237060547,22442100.0,19.549999237060547,Actual
495,819,2020-04-06,19.760000228881836,18.549999237060547,19.100000381469727,19.549999237060547,22442100.0,19.572053186458636,Predicted
496,820,2020-04-07,22.209999084472656,20.709999084472656,21.270000457763672,21.299999237060547,30405600.0,21.299999237060547,Actual
497,820,2020-04-07,22.209999084472656,20.709999084472656,21.270000457763672,21.299999237060547,30405600.0,20.748897093648605,Predicted
498,824,2020-04-14,23.770000457763672,22.670000076293945,23.600000381469727,22.979999542236328,12654700.0,22.979999542236328,Actual
499,824,2020-04-14,23.770000457763672,22.670000076293945,23.600000381469727,22.979999542236328,12654700.0,22.964832841990653,Predicted
500,825,2020-04-15,22.270000457763672,21.469999313354492,21.920000076293945,21.65999984741211,12760900.0,21.65999984741211,Actual
501,825,2020-04-15,22.270000457763672,21.469999313354492,21.920000076293945,21.65999984741211,12760900.0,21.586525835053248,Predicted
502,826,2020-04-16,21.649999618530273,20.559999465942383,21.639999389648438,20.8700008392334,11501700.0,20.8700008392334,Actual
503,826,2020-04-16,21.649999618530273,20.559999465942383,21.639999389648438,20.8700008392334,11501700.0,21.216946585192428,Predicted
504,828,2020-04-20,22.639999389648438,21.440000534057617,21.719999313354492,22.3799991607666,15912400.0,22.3799991607666,Actual
505,828,2020-04-20,22.639999389648438,21.440000534057617,21.719999313354492,22.3799991607666,15912400.0,22.52756378723903,Predicted
506,832,2020-04-24,22.239999771118164,21.540000915527344,21.709999084472656,21.950000762939453,11991400.0,21.950000762939453,Actual
507,832,2020-04-24,22.239999771118164,21.540000915527344,21.709999084472656,21.950000762939453,11991400.0,21.857681188408147,Predicted
508,836,2020-04-30,23.440000534057617,22.25,23.440000534057617,22.290000915527344,15272400.0,22.290000915527344,Actual
509,836,2020-04-30,23.440000534057617,22.25,23.440000534057617,22.290000915527344,15272400.0,22.200010706470255,Predicted
510,842,2020-05-08,24.0,23.049999237060547,23.06999969482422,23.93000030517578,16562300.0,23.93000030517578,Actual
511,842,2020-05-08,24.0,23.049999237060547,23.06999969482422,23.93000030517578,16562300.0,23.551979681566937,Predicted
512,851,2020-05-21,26.020000457763672,25.209999084472656,25.290000915527344,25.799999237060547,14320700.0,25.799999237060547,Actual
513,851,2020-05-21,26.020000457763672,25.209999084472656,25.290000915527344,25.799999237060547,14320700.0,25.10828896260418,Predicted
514,854,2020-05-27,28.829999923706055,26.90999984741211,28.530000686645508,27.790000915527344,15030700.0,27.790000915527344,Actual
515,854,2020-05-27,28.829999923706055,26.90999984741211,28.530000686645508,27.790000915527344,15030700.0,27.7132168172098,Predicted
516,859,2020-06-03,29.1299991607666,28.25,28.420000076293945,29.06999969482422,16860900.0,29.06999969482422,Actual
517,859,2020-06-03,29.1299991607666,28.25,28.420000076293945,29.06999969482422,16860900.0,27.763493875458305,Predicted
518,861,2020-06-05,31.149999618530273,29.809999465942383,31.0,30.610000610351562,29418600.0,30.610000610351562,Actual
519,861,2020-06-05,31.149999618530273,29.809999465942383,31.0,30.610000610351562,29418600.0,28.394461944624155,Predicted
520,864,2020-06-10,29.84000015258789,28.420000076293945,29.799999237060547,28.75,15648000.0,28.75,Actual
521,864,2020-06-10,29.84000015258789,28.420000076293945,29.799999237060547,28.75,15648000.0,27.899501655760897,Predicted
522,866,2020-06-12,28.959999084472656,27.06999969482422,28.719999313354492,27.959999084472656,21577300.0,27.959999084472656,Actual
523,866,2020-06-12,28.959999084472656,27.06999969482422,28.719999313354492,27.959999084472656,21577300.0,27.306864513173036,Predicted
524,867,2020-06-15,28.100000381469727,26.56999969482422,26.610000610351562,27.770000457763672,15321200.0,27.770000457763672,Actual
525,867,2020-06-15,28.100000381469727,26.56999969482422,26.610000610351562,27.770000457763672,15321200.0,27.615182607125977,Predicted
526,875,2020-06-25,25.290000915527344,24.540000915527344,25.0,25.229999542236328,14328300.0,25.229999542236328,Actual
527,875,2020-06-25,25.290000915527344,24.540000915527344,25.0,25.229999542236328,14328300.0,24.468972303297644,Predicted
528,876,2020-06-26,25.110000610351562,24.25,25.0,24.459999084472656,16476800.0,24.459999084472656,Actual
529,876,2020-06-26,25.110000610351562,24.25,25.0,24.459999084472656,16476800.0,23.67308597009458,Predicted
530,879,2020-07-01,25.940000534057617,24.93000030517578,25.299999237060547,24.959999084472656,11963000.0,24.959999084472656,Actual
531,879,2020-07-01,25.940000534057617,24.93000030517578,25.299999237060547,24.959999084472656,11963000.0,24.703906305071406,Predicted
532,880,2020-07-02,25.850000381469727,25.079999923706055,25.6200008392334,25.239999771118164,22202300.0,25.239999771118164,Actual
533,880,2020-07-02,25.850000381469727,25.079999923706055,25.6200008392334,25.239999771118164,22202300.0,23.82960323183229,Predicted
534,882,2020-07-07,25.6299991607666,25.059999465942383,25.59000015258789,25.1299991607666,11950500.0,25.1299991607666,Actual
535,882,2020-07-07,25.6299991607666,25.059999465942383,25.59000015258789,25.1299991607666,11950500.0,24.289710260357854,Predicted
536,884,2020-07-09,24.829999923706055,23.329999923706055,24.760000228881836,23.420000076293945,17778200.0,23.420000076293945,Actual
537,884,2020-07-09,24.829999923706055,23.329999923706055,24.760000228881836,23.420000076293945,17778200.0,23.27875183296678,Predicted
538,885,2020-07-10,24.399999618530273,23.329999923706055,23.549999237060547,24.389999389648438,15660000.0,24.389999389648438,Actual
539,885,2020-07-10,24.399999618530273,23.329999923706055,23.549999237060547,24.389999389648438,15660000.0,24.120671013983397,Predicted
540,888,2020-07-15,27.030000686645508,26.1299991607666,26.31999969482422,26.8799991607666,14893700.0,26.8799991607666,Actual
541,888,2020-07-15,27.030000686645508,26.1299991607666,26.31999969482422,26.8799991607666,14893700.0,26.072647698367863,Predicted
542,890,2020-07-17,27.0,26.25,26.989999771118164,26.450000762939453,8116100.0,26.450000762939453,Actual
543,890,2020-07-17,27.0,26.25,26.989999771118164,26.450000762939453,8116100.0,25.880537998511617,Predicted
544,896,2020-07-27,25.920000076293945,25.309999465942383,25.8799991607666,25.700000762939453,16598100.0,25.700000762939453,Actual
545,896,2020-07-27,25.920000076293945,25.309999465942383,25.8799991607666,25.700000762939453,16598100.0,24.47491095670257,Predicted
546,897,2020-07-28,26.75,25.690000534057617,25.780000686645508,26.329999923706055,12854300.0,26.329999923706055,Actual
547,897,2020-07-28,26.75,25.690000534057617,25.780000686645508,26.329999923706055,12854300.0,25.97069034552955,Predicted
548,898,2020-07-29,27.049999237060547,24.93000030517578,27.040000915527344,25.889999389648438,28792100.0,25.889999389648438,Actual
549,898,2020-07-29,27.049999237060547,24.93000030517578,27.040000915527344,25.889999389648438,28792100.0,25.159519360457157,Predicted
550,899,2020-07-30,25.459999084472656,25.020000457763672,25.1299991607666,25.200000762939453,16012000.0,25.200000762939453,Actual
551,899,2020-07-30,25.459999084472656,25.020000457763672,25.1299991607666,25.200000762939453,16012000.0,23.988728182035967,Predicted
552,902,2020-08-04,26.030000686645508,25.510000228881836,25.8700008392334,25.799999237060547,15728800.0,25.799999237060547,Actual
553,902,2020-08-04,26.030000686645508,25.510000228881836,25.8700008392334,25.799999237060547,15728800.0,24.56298323654267,Predicted
554,908,2020-08-12,29.75,27.780000686645508,28.989999771118164,28.030000686645508,10062400.0,28.030000686645508,Actual
555,908,2020-08-12,29.75,27.780000686645508,28.989999771118164,28.030000686645508,10062400.0,28.412247183153184,Predicted
556,909,2020-08-13,28.219999313354492,27.5,27.729999542236328,27.549999237060547,7586100.0,27.549999237060547,Actual
557,909,2020-08-13,28.219999313354492,27.5,27.729999542236328,27.549999237060547,7586100.0,26.930210434141404,Predicted
558,911,2020-08-17,30.780000686645508,28.43000030517578,28.600000381469727,30.010000228881836,33827800.0,30.010000228881836,Actual
559,911,2020-08-17,30.780000686645508,28.43000030517578,28.600000381469727,30.010000228881836,33827800.0,29.05199165256385,Predicted
560,917,2020-08-25,30.729999542236328,29.479999542236328,30.399999618530273,29.690000534057617,13006700.0,29.690000534057617,Actual
561,917,2020-08-25,30.729999542236328,29.479999542236328,30.399999618530273,29.690000534057617,13006700.0,28.801017838622084,Predicted
562,922,2020-09-01,29.850000381469727,29.34000015258789,29.530000686645508,29.790000915527344,9012000.0,29.790000915527344,Actual
563,922,2020-09-01,29.850000381469727,29.34000015258789,29.530000686645508,29.790000915527344,9012000.0,28.509619543134605,Predicted
564,929,2020-09-11,30.56999969482422,29.8700008392334,30.299999237060547,30.459999084472656,13638700.0,30.459999084472656,Actual
565,929,2020-09-11,30.56999969482422,29.8700008392334,30.299999237060547,30.459999084472656,13638700.0,28.897673480781346,Predicted
566,931,2020-09-15,33.13999938964844,30.829999923706055,31.360000610351562,31.579999923706055,21096300.0,31.579999923706055,Actual
567,931,2020-09-15,33.13999938964844,30.829999923706055,31.360000610351562,31.579999923706055,21096300.0,31.17338929196333,Predicted
568,932,2020-09-16,32.790000915527344,31.739999771118164,32.68000030517578,31.790000915527344,16397800.0,31.790000915527344,Actual
569,932,2020-09-16,32.790000915527344,31.739999771118164,32.68000030517578,31.790000915527344,16397800.0,30.063264268130286,Predicted
570,934,2020-09-18,32.04999923706055,31.360000610351562,31.850000381469727,31.5,15039900.0,31.5,Actual
571,934,2020-09-18,32.04999923706055,31.360000610351562,31.850000381469727,31.5,15039900.0,29.609666698335868,Predicted
572,939,2020-09-25,29.219999313354492,28.559999465942383,28.860000610351562,29.0,9350400.0,29.0,Actual
573,939,2020-09-25,29.219999313354492,28.559999465942383,28.860000610351562,29.0,9350400.0,27.964678486552533,Predicted
574,942,2020-09-30,29.81999969482422,28.889999389648438,28.889999389648438,29.59000015258789,11520100.0,29.59000015258789,Actual
575,942,2020-09-30,29.81999969482422,28.889999389648438,28.889999389648438,29.59000015258789,11520100.0,28.710429141455794,Predicted
576,945,2020-10-05,31.290000915527344,30.799999237060547,30.850000381469727,30.959999084472656,8314100.0,30.959999084472656,Actual
577,945,2020-10-05,31.290000915527344,30.799999237060547,30.850000381469727,30.959999084472656,8314100.0,29.543543632588136,Predicted
578,948,2020-10-08,32.63999938964844,31.799999237060547,31.899999618530273,32.209999084472656,17323300.0,32.209999084472656,Actual
579,948,2020-10-08,32.63999938964844,31.799999237060547,31.899999618530273,32.209999084472656,17323300.0,30.327966923308264,Predicted
580,954,2020-10-16,33.470001220703125,32.68000030517578,32.880001068115234,33.45000076293945,11947300.0,33.45000076293945,Actual
581,954,2020-10-16,33.470001220703125,32.68000030517578,32.880001068115234,33.45000076293945,11947300.0,31.741138631179343,Predicted
582,958,2020-10-22,37.43000030517578,35.880001068115234,35.900001525878906,37.40999984741211,23288900.0,37.40999984741211,Actual
583,958,2020-10-22,37.43000030517578,35.880001068115234,35.900001525878906,37.40999984741211,23288900.0,35.22560383982538,Predicted
584,964,2020-10-30,35.029998779296875,33.959999084472656,34.459999084472656,34.529998779296875,13074000.0,34.529998779296875,Actual
585,964,2020-10-30,35.029998779296875,33.959999084472656,34.459999084472656,34.529998779296875,13074000.0,32.8150556033131,Predicted
586,968,2020-11-05,37.25,35.34000015258789,36.900001525878906,37.13999938964844,35075000.0,37.13999938964844,Actual
587,968,2020-11-05,37.25,35.34000015258789,36.900001525878906,37.13999938964844,35075000.0,34.15950359818769,Predicted
588,980,2020-11-23,45.15999984741211,43.560001373291016,43.959999084472656,44.77000045776367,22569600.0,44.77000045776367,Actual
589,980,2020-11-23,45.15999984741211,43.560001373291016,43.959999084472656,44.77000045776367,22569600.0,41.46607682015906,Predicted
590,982,2020-11-25,46.060001373291016,44.63999938964844,45.61000061035156,45.459999084472656,16122300.0,45.459999084472656,Actual
591,982,2020-11-25,46.060001373291016,44.63999938964844,45.61000061035156,45.459999084472656,16122300.0,42.16993665415552,Predicted
592,983,2020-11-27,45.59000015258789,44.75,45.349998474121094,45.060001373291016,7528800.0,45.060001373291016,Actual
593,983,2020-11-27,45.59000015258789,44.75,45.349998474121094,45.060001373291016,7528800.0,41.857317408806935,Predicted
594,987,2020-12-03,44.869998931884766,43.959999084472656,44.790000915527344,44.09000015258789,13437800.0,44.09000015258789,Actual
595,987,2020-12-03,44.869998931884766,43.959999084472656,44.790000915527344,44.09000015258789,13437800.0,40.589858661773604,Predicted
596,992,2020-12-10,43.880001068115234,42.459999084472656,43.83000183105469,42.869998931884766,18235600.0,42.869998931884766,Actual
597,992,2020-12-10,43.880001068115234,42.459999084472656,43.83000183105469,42.869998931884766,18235600.0,39.681297740368095,Predicted
